2026-08-17 23:04:00.352 Serial <- P: 0,0.00,0.00,0,0.00,0.00,0,0.00,0.00,0,0.00,0.00
2026-08-17 23:04:00.486 Serial <- P: 0,0.00,0.00,0,0.00,0.00,0,0.00,0.00,0,0.00,0.00
2026-08-17 23:04:00.553 Serial <- P: 0,0.00,0.00,0,0.00,0.00,0,0.00,0.00,0,0.00,0.00
2026-08-17 23:04:00.654 Serial <- P: 0,0.00,0.00,0,0.00,0.00,0,0.00,0.00,0,0.00,0.00
2026-08-17 23:04:00.755 Serial <- P: 0,0.00,0.00,0,0.00,0.00,0,0.00,0.00,0,0.00,0.00
2026-08-17 23:04:00.856 Serial <- P: 0,0.00,0.00,0,0.00,0.00,0,0.00,0.00,0,0.00,0.00
2026-08-17 23:04:00.957 Serial <- P: 0,0.00,0.00,0,0.00,0.00,0,0.00,0.00,0,0.00,0.00
2026-08-17 23:04:01.059 Serial <- P: 0,0.00,0.00,0,0.00,0.00,0,0.00,0.00,0,0.00,0.00
2026-08-17 23:04:01.160 Serial <- P: 0,0.00,0.00,0,0.00,0.00,0,0.00,0.00,0,0.00,0.00
2026-08-17 23:04:01.260 Serial <- P: 0,0.00,0.00,0,0.00,0.00,0,0.00,0.00,0,0.00,0.00
2026-08-17 23:04:01.362 Serial <- P: 0,0.00,0.00,0,0.00,0.00,0,0.00,0.00,0,0.00,0.00
2026-08-17 23:04:01.463 Serial <- P: 0,0.00,0.00,0,0.00,0.00,0,0.00,0.00,0,0.00,0.00
2026-08-17 23:04:01.563 Serial <- P: 0,0.00,0.00,0,0.00,0.00,0,0.00,0.00,0,0.00,0.00
2026-08-17 23:04:01.665 Serial <- P: 0,0.00,0.00,0,0.00,0.00,0,0.00,0.00,0,0.00,0.00
2026-08-17 23:04:01.766 Serial <- P: 0,0.00,0.00,0,0.00,0.00,0,0.00,0.00,0,0.00,0.00
2026-08-17 23:04:01.866 Serial <- P: 0,0.00,0.00,0,0.00,0.00,0,0.00,0.00,0,0.00,0.00
2026-08-17 23:04:01.967 Serial <- P: 0,0.00,0.00,0,0.00,0.00,0,0.00,0.00,0,0.00,0.00
2026-08-17 23:04:02.068 Serial <- P: 0,0.00,0.00,0,0.00,0.00,0,0.00,0.00,0,0.00,0.00
2026-08-17 23:04:02.170 Serial <- P: 0,0.00,0.00,0,0.00,0.00,0,0.00,0.00,0,0.00,0.00
2026-08-17 23:04:02.271 Serial <- P: 0,0.00,0.00,0,0.00,0.00,0,0.00,0.00,0,0.00,0.00
2026-08-17 23:04:02.371 Serial <- P: 0,0.00,0.00,0,0.00,0.00,0,0.00,0.00,0,0.00,0.00
2026-08-17 23:04:02.472 Serial <- P: 0,0.00,0.00,0,0.00,0.00,0,0.00,0.00,0,0.00,0.00
2026-08-17 23:04:02.576 Serial <- P: 0,0.00,0.00,0,0.00,0.00,0,0.00,0.00,0,0.00,0.00
2026-08-17 23:04:02.675 Serial <- P: 0,0.00,0.00,0,0.00,0.00,0,0.00,0.00,0,0.00,0.00
2026-08-17 23:04:02.757 Serial -> 0.00,17.00,50.00,180.00,17.00,0,50.00,0.00,17.00,50.00,180.00,17.00,0,50.00
2026-08-17 23:04:02.759 Serial <- S: 0,0.00,17.00,50.00,1,180.00,17.00,50.00,0,0.00,17.00,50.00,1,180.00,17.00,50.00
2026-08-17 23:04:02.776 Serial <- P: 0,0.00,0.00,1,0.00,0.89,0,0.00,0.00,1,0.00,0.89
2026-08-17 23:04:02.874 Serial -> 0.00,17.00,50.00,180.00,17.00,0,50.00,0.00,17.00,50.00,180.00,17.00,0,50.00
2026-08-17 23:04:02.876 Serial <- S: 0,0.00,17.00,50.00,1,180.00,17.00,50.00,0,0.00,17.00,50.00,1,180.00,17.00,50.00
2026-08-17 23:04:02.878 Serial <- P: 0,0.00,0.00,1,0.32,5.93,0,0.00,0.00,1,0.34,5.95
2026-08-17 23:04:02.978 Serial <- P: 0,0.00,0.00,1,1.17,10.97,0,0.00,0.00,1,1.19,10.99
2026-08-17 23:04:02.981 Serial -> 0.00,17.00,50.00,180.00,17.00,0,50.00,0.00,17.00,50.00,180.00,17.00,0,50.00
2026-08-17 23:04:02.982 Serial <- S: 0,0.00,17.00,50.00,1,180.00,17.00,50.00,0,0.00,17.00,50.00,1,180.00,17.00,50.00
2026-08-17 23:04:03.078 Serial <- P: 0,0.00,0.00,1,2.56,16.03,0,0.00,0.00,1,2.56,16.06
2026-08-17 23:04:03.089 Serial -> 0.00,17.00,50.00,180.00,17.00,0,50.00,0.00,17.00,50.00,180.00,17.00,0,50.00
2026-08-17 23:04:03.091 Serial <- S: 0,0.00,17.00,50.00,1,180.00,17.00,50.00,0,0.00,17.00,50.00,1,180.00,17.00,50.00
2026-08-17 23:04:03.180 Serial <- P: 0,0.00,0.00,1,4.28,17.00,0,0.00,0.00,1,4.28,17.00
2026-08-17 23:04:03.208 Serial -> 0.00,17.00,50.00,180.00,17.00,0,50.00,0.00,17.00,50.00,180.00,17.00,0,50.00
2026-08-17 23:04:03.212 Serial <- S: 0,0.00,17.00,50.00,1,180.00,17.00,50.00,0,0.00,17.00,50.00,1,180.00,17.00,50.00
2026-08-17 23:04:03.288 Serial <- P: 0,0.00,0.00,1,5.99,17.00,0,0.00,0.00,1,6.01,17.00
2026-08-17 23:04:03.322 Serial -> 0.00,17.00,50.00,180.00,17.00,0,50.00,0.00,17.00,50.00,180.00,17.00,0,50.00
2026-08-17 23:04:03.324 Serial <- S: 0,0.00,17.00,50.00,1,180.00,17.00,50.00,0,0.00,17.00,50.00,1,180.00,17.00,50.00
2026-08-17 23:04:03.381 Serial <- P: 0,0.00,0.00,1,7.70,17.00,0,0.00,0.00,1,7.72,17.00
2026-08-17 23:04:03.440 Serial -> 0.00,17.00,50.00,180.00,17.00,0,50.00,0.00,17.00,50.00,180.00,17.00,0,50.00
2026-08-17 23:04:03.441 Serial <- S: 0,0.00,17.00,50.00,1,180.00,17.00,50.00,0,0.00,17.00,50.00,1,180.00,17.00,50.00
2026-08-17 23:04:03.483 Serial <- P: 0,0.00,0.00,1,9.41,17.00,0,0.00,0.00,1,9.43,17.00
2026-08-17 23:04:03.541 Serial -> 0.00,17.00,50.00,180.00,17.00,0,50.00,0.00,17.00,50.00,180.00,17.00,0,50.00
2026-08-17 23:04:03.543 Serial <- S: 0,0.00,17.00,50.00,1,180.00,17.00,50.00,0,0.00,17.00,50.00,1,180.00,17.00,50.00
2026-08-17 23:04:03.584 Serial <- P: 0,0.00,0.00,1,11.12,17.00,0,0.00,0.00,1,11.14,17.00
2026-08-17 23:04:03.656 Serial -> 0.00,17.00,50.00,180.00,17.00,0,50.00,0.00,17.00,50.00,180.00,17.00,0,50.00
2026-08-17 23:04:03.658 Serial <- S: 0,0.00,17.00,50.00,1,180.00,17.00,50.00,0,0.00,17.00,50.00,1,180.00,17.00,50.00
2026-08-17 23:04:03.685 Serial <- P: 0,0.00,0.00,1,12.83,17.00,0,0.00,0.00,1,12.87,17.00
2026-08-17 23:04:03.757 Serial -> 0.00,17.00,50.00,180.00,17.00,0,50.00,0.00,17.00,50.00,180.00,17.00,0,50.00
2026-08-17 23:04:03.760 Serial <- S: 0,0.00,17.00,50.00,1,180.00,17.00,50.00,0,0.00,17.00,50.00,1,180.00,17.00,50.00
2026-08-17 23:04:03.787 Serial <- P: 0,0.00,0.00,1,14.58,17.00,0,0.00,0.00,1,14.58,17.00
2026-08-17 23:04:03.863 Serial -> 0.00,17.00,50.00,180.00,17.00,0,50.00,0.00,17.00,50.00,180.00,17.00,0,50.00
2026-08-17 23:04:03.865 Serial <- S: 0,0.00,17.00,50.00,1,180.00,17.00,50.00,0,0.00,17.00,50.00,1,180.00,17.00,50.00
2026-08-17 23:04:03.887 Serial <- P: 0,0.00,0.00,1,16.29,17.00,0,0.00,0.00,1,16.29,17.00
2026-08-17 23:04:03.978 Serial -> 0.00,17.00,50.00,180.00,17.00,0,50.00,0.00,17.00,50.00,180.00,17.00,0,50.00
2026-08-17 23:04:03.979 Serial <- S: 0,0.00,17.00,50.00,1,180.00,17.00,50.00,0,0.00,17.00,50.00,1,180.00,17.00,50.00
2026-08-17 23:04:03.988 Serial <- P: 0,0.00,0.00,1,18.00,17.00,0,0.00,0.00,1,18.00,17.00
2026-08-17 23:04:04.089 Serial <- P: 0,0.00,0.00,1,19.71,17.00,0,0.00,0.00,1,19.73,17.00
2026-08-17 23:04:04.091 Serial -> 0.00,17.00,50.00,180.00,17.00,0,50.00,0.00,17.00,50.00,180.00,17.00,0,50.00
2026-08-17 23:04:04.092 Serial <- S: 0,0.00,17.00,50.00,1,180.00,17.00,50.00,0,0.00,17.00,50.00,1,180.00,17.00,50.00
2026-08-17 23:04:04.190 Serial <- P: 0,0.00,0.00,1,21.42,17.00,0,0.00,0.00,1,21.44,17.00
2026-08-17 23:04:04.192 Serial -> 0.00,17.00,50.00,180.00,17.00,0,50.00,0.00,17.00,50.00,180.00,17.00,0,50.00
2026-08-17 23:04:04.193 Serial <- S: 0,0.00,17.00,50.00,1,180.00,17.00,50.00,0,0.00,17.00,50.00,1,180.00,17.00,50.00
2026-08-17 23:04:04.291 Serial <- P: 0,0.00,0.00,1,23.13,17.00,0,0.00,0.00,1,23.15,17.00
2026-08-17 23:04:04.306 Serial -> 0.00,17.00,50.00,180.00,17.00,0,50.00,0.00,17.00,50.00,180.00,17.00,0,50.00
2026-08-17 23:04:04.307 Serial <- S: 0,0.00,17.00,50.00,1,180.00,17.00,50.00,0,0.00,17.00,50.00,1,180.00,17.00,50.00
2026-08-17 23:04:04.391 Serial <- P: 0,0.00,0.00,1,24.84,17.00,0,0.00,0.00,1,24.89,17.00
2026-08-17 23:04:04.412 Serial -> 0.00,17.00,50.00,180.00,17.00,0,50.00,0.00,17.00,50.00,180.00,17.00,0,50.00
2026-08-17 23:04:04.414 Serial <- S: 0,0.00,17.00,50.00,1,180.00,17.00,50.00,0,0.00,17.00,50.00,1,180.00,17.00,50.00
2026-08-17 23:04:04.493 Serial <- P: 0,0.00,0.00,1,26.59,17.00,0,0.00,0.00,1,26.59,17.00
2026-08-17 23:04:04.527 Serial -> 0.00,17.00,50.00,180.00,17.00,0,50.00,0.00,17.00,50.00,180.00,17.00,0,50.00
2026-08-17 23:04:04.528 Serial <- S: 0,0.00,17.00,50.00,1,180.00,17.00,50.00,0,0.00,17.00,50.00,1,180.00,17.00,50.00
2026-08-17 23:04:04.594 Serial <- P: 0,0.00,0.00,1,28.30,17.00,0,0.00,0.00,1,28.30,17.00
2026-08-17 23:04:04.640 Serial -> 0.00,17.00,50.00,180.00,17.00,0,50.00,0.00,17.00,50.00,180.00,17.00,0,50.00
2026-08-17 23:04:04.642 Serial <- S: 0,0.00,17.00,50.00,1,180.00,17.00,50.00,0,0.00,17.00,50.00,1,180.00,17.00,50.00
2026-08-17 23:04:04.695 Serial <- P: 0,0.00,0.00,1,30.01,17.00,0,0.00,0.00,1,30.04,17.00
2026-08-17 23:04:04.740 Serial -> 0.00,17.00,50.00,180.00,17.00,0,50.00,0.00,17.00,50.00,180.00,17.00,0,50.00
2026-08-17 23:04:04.742 Serial <- S: 0,0.00,17.00,50.00,1,180.00,17.00,50.00,0,0.00,17.00,50.00,1,180.00,17.00,50.00
2026-08-17 23:04:04.795 Serial <- P: 0,0.00,0.00,1,31.73,17.00,0,0.00,0.00,1,31.75,17.00
2026-08-17 23:04:04.860 Serial -> 0.00,17.00,50.00,180.00,17.00,0,50.00,0.00,17.00,50.00,180.00,17.00,0,50.00
2026-08-17 23:04:04.861 Serial <- S: 0,0.00,17.00,50.00,1,180.00,17.00,50.00,0,0.00,17.00,50.00,1,180.00,17.00,50.00
2026-08-17 23:04:04.896 Serial <- P: 0,0.00,0.00,1,33.44,17.00,0,0.00,0.00,1,33.46,17.00
2026-08-17 23:04:04.958 Serial -> 0.00,17.00,50.00,180.00,17.00,0,50.00,0.00,17.00,50.00,180.00,17.00,0,50.00
2026-08-17 23:04:04.960 Serial <- S: 0,0.00,17.00,50.00,1,180.00,17.00,50.00,0,0.00,17.00,50.00,1,180.00,17.00,50.00
2026-08-17 23:04:04.998 Serial <- P: 0,0.00,0.00,1,35.15,17.00,0,0.00,0.00,1,35.17,17.00
2026-08-17 23:04:05.073 Serial -> 0.00,17.00,50.00,180.00,17.00,0,50.00,0.00,17.00,50.00,180.00,17.00,0,50.00
2026-08-17 23:04:05.075 Serial <- S: 0,0.00,17.00,50.00,1,180.00,17.00,50.00,0,0.00,17.00,50.00,1,180.00,17.00,50.00
2026-08-17 23:04:05.098 Serial <- P: 0,0.00,0.00,1,36.90,17.00,0,0.00,0.00,1,36.90,17.00
2026-08-17 23:04:05.188 Serial -> 0.00,17.00,50.00,180.00,17.00,0,50.00,0.00,17.00,50.00,180.00,17.00,0,50.00
2026-08-17 23:04:05.190 Serial <- S: 0,0.00,17.00,50.00,1,180.00,17.00,50.00,0,0.00,17.00,50.00,1,180.00,17.00,50.00
2026-08-17 23:04:05.200 Serial <- P: 0,0.00,0.00,1,38.61,17.00,0,0.00,0.00,1,38.61,17.00
2026-08-17 23:04:05.289 Serial -> 0.00,17.00,50.00,180.00,17.00,0,50.00,0.00,17.00,50.00,180.00,17.00,0,50.00
2026-08-17 23:04:05.291 Serial <- S: 0,0.00,17.00,50.00,1,180.00,17.00,50.00,0,0.00,17.00,50.00,1,180.00,17.00,50.00
2026-08-17 23:04:05.301 Serial <- P: 0,0.00,0.00,1,40.32,17.00,0,0.00,0.00,1,40.34,17.00
2026-08-17 23:04:05.402 Serial <- P: 0,0.00,0.00,1,42.03,17.00,0,0.00,0.00,1,42.05,17.00
2026-08-17 23:04:05.405 Serial -> 0.00,17.00,50.00,180.00,17.00,0,50.00,0.00,17.00,50.00,180.00,17.00,0,50.00
2026-08-17 23:04:05.407 Serial <- S: 0,0.00,17.00,50.00,1,180.00,17.00,50.00,0,0.00,17.00,50.00,1,180.00,17.00,50.00
2026-08-17 23:04:05.503 Serial <- P: 0,0.00,0.00,1,43.74,17.00,0,0.00,0.00,1,43.76,17.00
2026-08-17 23:04:05.508 Serial -> 0.00,17.00,50.00,180.00,17.00,0,50.00,0.00,17.00,50.00,180.00,17.00,0,50.00
2026-08-17 23:04:05.509 Serial <- S: 0,0.00,17.00,50.00,1,180.00,17.00,50.00,0,0.00,17.00,50.00,1,180.00,17.00,50.00
2026-08-17 23:04:05.603 Serial <- P: 0,0.00,0.00,1,45.45,17.00,0,0.00,0.00,1,45.47,17.00
2026-08-17 23:04:05.624 Serial -> 0.00,17.00,50.00,180.00,17.00,0,50.00,0.00,17.00,50.00,180.00,17.00,0,50.00
2026-08-17 23:04:05.625 Serial <- S: 0,0.00,17.00,50.00,1,180.00,17.00,50.00,0,0.00,17.00,50.00,1,180.00,17.00,50.00
2026-08-17 23:04:05.705 Serial <- P: 0,0.00,0.00,1,47.21,17.00,0,0.00,0.00,1,47.21,17.00
2026-08-17 23:04:05.724 Serial -> 0.00,17.00,50.00,180.00,17.00,0,50.00,0.00,17.00,50.00,180.00,17.00,0,50.00
2026-08-17 23:04:05.727 Serial <- S: 0,0.00,17.00,50.00,1,180.00,17.00,50.00,0,0.00,17.00,50.00,1,180.00,17.00,50.00
2026-08-17 23:04:05.805 Serial <- P: 0,0.00,0.00,1,48.92,17.00,0,0.00,0.00,1,48.92,17.00
2026-08-17 23:04:05.841 Serial -> 0.00,17.00,50.00,180.00,17.00,0,50.00,0.00,17.00,50.00,180.00,17.00,0,50.00
2026-08-17 23:04:05.844 Serial <- S: 0,0.00,17.00,50.00,1,180.00,17.00,50.00,0,0.00,17.00,50.00,1,180.00,17.00,50.00
2026-08-17 23:04:05.907 Serial <- P: 0,0.00,0.00,1,50.63,17.00,0,0.00,0.00,1,50.63,17.00
2026-08-17 23:04:05.956 Serial -> 0.00,17.00,50.00,180.00,17.00,0,50.00,0.00,17.00,50.00,180.00,17.00,0,50.00
2026-08-17 23:04:05.959 Serial <- S: 0,0.00,17.00,50.00,1,180.00,17.00,50.00,0,0.00,17.00,50.00,1,180.00,17.00,50.00
2026-08-17 23:04:06.009 Serial <- P: 0,0.00,0.00,1,52.34,17.00,0,0.00,0.00,1,52.36,17.00
2026-08-17 23:04:06.058 Serial -> 0.00,17.00,50.00,180.00,17.00,0,50.00,0.00,17.00,50.00,180.00,17.00,0,50.00
2026-08-17 23:04:06.061 Serial <- S: 0,0.00,17.00,50.00,1,180.00,17.00,50.00,0,0.00,17.00,50.00,1,180.00,17.00,50.00
2026-08-17 23:04:06.108 Serial <- P: 0,0.00,0.00,1,54.05,17.00,0,0.00,0.00,1,54.07,17.00
2026-08-17 23:04:06.175 Serial -> 0.00,17.00,50.00,180.00,17.00,0,50.00,0.00,17.00,50.00,180.00,17.00,0,50.00
2026-08-17 23:04:06.176 Serial <- S: 0,0.00,17.00,50.00,1,180.00,17.00,50.00,0,0.00,17.00,50.00,1,180.00,17.00,50.00
2026-08-17 23:04:06.210 Serial <- P: 0,0.00,0.00,1,55.76,17.00,0,0.00,0.00,1,55.78,17.00
2026-08-17 23:04:06.275 Serial -> 0.00,17.00,50.00,180.00,17.00,0,50.00,0.00,17.00,50.00,180.00,17.00,0,50.00
2026-08-17 23:04:06.277 Serial <- S: 0,0.00,17.00,50.00,1,180.00,17.00,50.00,0,0.00,17.00,50.00,1,180.00,17.00,50.00
2026-08-17 23:04:06.313 Serial <- P: 0,0.00,0.00,1,57.47,17.00,0,0.00,0.00,1,57.51,17.00
2026-08-17 23:04:06.384 Serial -> 0.00,17.00,50.00,180.00,17.00,0,50.00,0.00,17.00,50.00,180.00,17.00,0,50.00
2026-08-17 23:04:06.385 Serial <- S: 0,0.00,17.00,50.00,1,180.00,17.00,50.00,0,0.00,17.00,50.00,1,180.00,17.00,50.00
2026-08-17 23:04:06.412 Serial <- P: 0,0.00,0.00,1,59.17,17.00,0,0.00,0.00,1,59.22,17.00
2026-08-17 23:04:06.490 Serial -> 0.00,17.00,50.00,180.00,17.00,0,50.00,0.00,17.00,50.00,180.00,17.00,0,50.00
2026-08-17 23:04:06.492 Serial <- S: 0,0.00,17.00,50.00,1,180.00,17.00,50.00,0,0.00,17.00,50.00,1,180.00,17.00,50.00
2026-08-17 23:04:06.513 Serial <- P: 0,0.00,0.00,1,60.93,17.00,0,0.00,0.00,1,60.93,17.00
2026-08-17 23:04:06.606 Serial -> 0.00,17.00,50.00,180.00,17.00,0,50.00,0.00,17.00,50.00,180.00,17.00,0,50.00
2026-08-17 23:04:06.608 Serial <- S: 0,0.00,17.00,50.00,1,180.00,17.00,50.00,0,0.00,17.00,50.00,1,180.00,17.00,50.00
2026-08-17 23:04:06.616 Serial <- P: 0,0.00,0.00,1,62.64,17.00,0,0.00,0.00,1,62.66,17.00
2026-08-17 23:04:06.714 Serial <- P: 0,0.00,0.00,1,64.35,17.00,0,0.00,0.00,1,64.37,17.00
2026-08-17 23:04:06.722 Serial -> 0.00,17.00,50.00,180.00,17.00,0,50.00,0.00,17.00,50.00,180.00,17.00,0,50.00
2026-08-17 23:04:06.724 Serial <- S: 0,0.00,17.00,50.00,1,180.00,17.00,50.00,0,0.00,17.00,50.00,1,180.00,17.00,50.00
2026-08-17 23:04:06.816 Serial <- P: 0,0.00,0.00,1,66.06,17.00,0,0.00,0.00,1,66.08,17.00
2026-08-17 23:04:06.826 Serial -> 0.00,17.00,50.00,180.00,17.00,0,50.00,0.00,17.00,50.00,180.00,17.00,0,50.00
2026-08-17 23:04:06.828 Serial <- S: 0,0.00,17.00,50.00,1,180.00,17.00,50.00,0,0.00,17.00,50.00,1,180.00,17.00,50.00
2026-08-17 23:04:06.916 Serial <- P: 0,0.00,0.00,1,67.77,17.00,0,0.00,0.00,1,67.79,17.00
2026-08-17 23:04:06.926 Serial -> 0.00,17.00,50.00,180.00,17.00,0,50.00,0.00,17.00,50.00,180.00,17.00,0,50.00
2026-08-17 23:04:06.929 Serial <- S: 0,0.00,17.00,50.00,1,180.00,17.00,50.00,0,0.00,17.00,50.00,1,180.00,17.00,50.00
2026-08-17 23:04:07.017 Serial <- P: 0,0.00,0.00,1,69.53,17.00,0,0.00,0.00,1,69.53,17.00
2026-08-17 23:04:07.040 Serial -> 0.00,17.00,50.00,180.00,17.00,0,50.00,0.00,17.00,50.00,180.00,17.00,0,50.00
2026-08-17 23:04:07.041 Serial <- S: 0,0.00,17.00,50.00,1,180.00,17.00,50.00,0,0.00,17.00,50.00,1,180.00,17.00,50.00
2026-08-17 23:04:07.119 Serial <- P: 0,0.00,0.00,1,71.23,17.00,0,0.00,0.00,1,71.23,17.00
2026-08-17 23:04:07.158 Serial -> 0.00,17.00,50.00,180.00,17.00,0,50.00,0.00,17.00,50.00,180.00,17.00,0,50.00
2026-08-17 23:04:07.160 Serial <- S: 0,0.00,17.00,50.00,1,180.00,17.00,50.00,0,0.00,17.00,50.00,1,180.00,17.00,50.00
2026-08-17 23:04:07.220 Serial <- P: 0,0.00,0.00,1,72.94,17.00,0,0.00,0.00,1,72.97,17.00
2026-08-17 23:04:07.256 Serial -> 0.00,17.00,50.00,180.00,17.00,0,50.00,0.00,17.00,50.00,180.00,17.00,0,50.00
2026-08-17 23:04:07.258 Serial <- S: 0,0.00,17.00,50.00,1,180.00,17.00,50.00,0,0.00,17.00,50.00,1,180.00,17.00,50.00
2026-08-17 23:04:07.321 Serial <- P: 0,0.00,0.00,1,74.65,17.00,0,0.00,0.00,1,74.68,17.00
2026-08-17 23:04:07.373 Serial -> 0.00,17.00,50.00,180.00,17.00,0,50.00,0.00,17.00,50.00,180.00,17.00,0,50.00
2026-08-17 23:04:07.374 Serial <- S: 0,0.00,17.00,50.00,1,180.00,17.00,50.00,0,0.00,17.00,50.00,1,180.00,17.00,50.00
2026-08-17 23:04:07.422 Serial <- P: 0,0.00,0.00,1,76.36,17.00,0,0.00,0.00,1,76.39,17.00
2026-08-17 23:04:07.478 Serial -> 0.00,17.00,50.00,180.00,17.00,0,50.00,0.00,17.00,50.00,180.00,17.00,0,50.00
2026-08-17 23:04:07.480 Serial <- S: 0,0.00,17.00,50.00,1,180.00,17.00,50.00,0,0.00,17.00,50.00,1,180.00,17.00,50.00
2026-08-17 23:04:07.522 Serial <- P: 0,0.00,0.00,1,78.07,17.00,0,0.00,0.00,1,78.10,17.00
2026-08-17 23:04:07.590 Serial -> 0.00,17.00,50.00,180.00,17.00,0,50.00,0.00,17.00,50.00,180.00,17.00,0,50.00
2026-08-17 23:04:07.592 Serial <- S: 0,0.00,17.00,50.00,1,180.00,17.00,50.00,0,0.00,17.00,50.00,1,180.00,17.00,50.00
2026-08-17 23:04:07.626 Serial <- P: 0,0.00,0.00,1,79.78,17.00,0,0.00,0.00,1,79.83,17.00
2026-08-17 23:04:07.694 Serial -> 0.00,17.00,50.00,180.00,17.00,0,50.00,0.00,17.00,50.00,180.00,17.00,0,50.00
2026-08-17 23:04:07.696 Serial <- S: 0,0.00,17.00,50.00,1,180.00,17.00,50.00,0,0.00,17.00,50.00,1,180.00,17.00,50.00
2026-08-17 23:04:07.725 Serial <- P: 0,0.00,0.00,1,81.54,17.00,0,0.00,0.00,1,81.54,17.00
2026-08-17 23:04:07.806 Serial -> 0.00,17.00,50.00,180.00,17.00,0,50.00,0.00,17.00,50.00,180.00,17.00,0,50.00
2026-08-17 23:04:07.808 Serial <- S: 0,0.00,17.00,50.00,1,180.00,17.00,50.00,0,0.00,17.00,50.00,1,180.00,17.00,50.00
2026-08-17 23:04:07.826 Serial <- P: 0,0.00,0.00,1,83.25,17.00,0,0.00,0.00,1,83.25,17.00
2026-08-17 23:04:07.923 Serial -> 0.00,17.00,50.00,180.00,17.00,0,50.00,0.00,17.00,50.00,180.00,17.00,0,50.00
2026-08-17 23:04:07.925 Serial <- S: 0,0.00,17.00,50.00,1,180.00,17.00,50.00,0,0.00,17.00,50.00,1,180.00,17.00,50.00
2026-08-17 23:04:07.926 Serial <- P: 0,0.00,0.00,1,84.96,17.00,0,0.00,0.00,1,84.98,17.00
2026-08-17 23:04:08.023 Serial -> 0.00,17.00,50.00,180.00,17.00,0,50.00,0.00,17.00,50.00,180.00,17.00,0,50.00
2026-08-17 23:04:08.026 Serial <- S: 0,0.00,17.00,50.00,1,180.00,17.00,50.00,0,0.00,17.00,50.00,1,180.00,17.00,50.00
2026-08-17 23:04:08.028 Serial <- P: 0,0.00,0.00,1,86.67,17.00,0,0.00,0.00,1,86.69,17.00
2026-08-17 23:04:08.130 Serial -> 0.00,17.00,50.00,180.00,17.00,0,50.00,0.00,17.00,50.00,180.00,17.00,0,50.00
2026-08-17 23:04:08.130 Serial <- P: 0,0.00,0.00,1,88.38,17.00,0,0.00,0.00,1,88.40,17.00
2026-08-17 23:04:08.132 Serial <- S: 0,0.00,17.00,50.00,1,180.00,17.00,50.00,0,0.00,17.00,50.00,1,180.00,17.00,50.00
2026-08-17 23:04:08.230 Serial <- P: 0,0.00,0.00,1,90.09,17.00,0,0.00,0.00,1,90.14,17.00
2026-08-17 23:04:08.239 Serial -> 0.00,17.00,50.00,180.00,17.00,0,50.00,0.00,17.00,50.00,180.00,17.00,0,50.00
2026-08-17 23:04:08.242 Serial <- S: 0,0.00,17.00,50.00,1,180.00,17.00,50.00,0,0.00,17.00,50.00,1,180.00,17.00,50.00
2026-08-17 23:04:08.331 Serial <- P: 0,0.00,0.00,1,91.80,17.00,0,0.00,0.00,1,91.84,17.00
2026-08-17 23:04:08.356 Serial -> 0.00,17.00,50.00,180.00,17.00,0,50.00,0.00,17.00,50.00,180.00,17.00,0,50.00
2026-08-17 23:04:08.357 Serial <- S: 0,0.00,17.00,50.00,1,180.00,17.00,50.00,0,0.00,17.00,50.00,1,180.00,17.00,50.00
2026-08-17 23:04:08.432 Serial <- P: 0,0.00,0.00,1,93.56,17.00,0,0.00,0.00,1,93.56,17.00
2026-08-17 23:04:08.472 Serial -> 0.00,17.00,50.00,180.00,17.00,0,50.00,0.00,17.00,50.00,180.00,17.00,0,50.00
2026-08-17 23:04:08.473 Serial <- S: 0,0.00,17.00,50.00,1,180.00,17.00,50.00,0,0.00,17.00,50.00,1,180.00,17.00,50.00
2026-08-17 23:04:08.532 Serial <- P: 0,0.00,0.00,1,95.26,17.00,0,0.00,0.00,1,95.26,17.00
2026-08-17 23:04:08.577 Serial -> 0.00,17.00,50.00,180.00,17.00,0,50.00,0.00,17.00,50.00,180.00,17.00,0,50.00
2026-08-17 23:04:08.579 Serial <- S: 0,0.00,17.00,50.00,1,180.00,17.00,50.00,0,0.00,17.00,50.00,1,180.00,17.00,50.00
2026-08-17 23:04:08.634 Serial <- P: 0,0.00,0.00,1,96.97,17.00,0,0.00,0.00,1,97.00,17.00
2026-08-17 23:04:08.691 Serial -> 0.00,17.00,50.00,180.00,17.00,0,50.00,0.00,17.00,50.00,180.00,17.00,0,50.00
2026-08-17 23:04:08.694 Serial <- S: 0,0.00,17.00,50.00,1,180.00,17.00,50.00,0,0.00,17.00,50.00,1,180.00,17.00,50.00
2026-08-17 23:04:08.735 Serial <- P: 0,0.00,0.00,1,98.68,17.00,0,0.00,0.00,1,98.71,17.00
2026-08-17 23:04:08.789 Serial -> 0.00,17.00,50.00,180.00,17.00,0,50.00,0.00,17.00,50.00,180.00,17.00,0,50.00
2026-08-17 23:04:08.793 Serial <- S: 0,0.00,17.00,50.00,1,180.00,17.00,50.00,0,0.00,17.00,50.00,1,180.00,17.00,50.00
2026-08-17 23:04:08.835 Serial <- P: 0,0.00,0.00,1,100.39,17.00,0,0.00,0.00,1,100.42,17.00
2026-08-17 23:04:08.908 Serial -> 0.00,17.00,50.00,180.00,17.00,0,50.00,0.00,17.00,50.00,180.00,17.00,0,50.00
2026-08-17 23:04:08.909 Serial <- S: 0,0.00,17.00,50.00,1,180.00,17.00,50.00,0,0.00,17.00,50.00,1,180.00,17.00,50.00
2026-08-17 23:04:08.937 Serial <- P: 0,0.00,0.00,1,102.10,17.00,0,0.00,0.00,1,102.15,17.00
2026-08-17 23:04:09.009 Serial -> 0.00,17.00,50.00,180.00,17.00,0,50.00,0.00,17.00,50.00,180.00,17.00,0,50.00
2026-08-17 23:04:09.011 Serial <- S: 0,0.00,17.00,50.00,1,180.00,17.00,50.00,0,0.00,17.00,50.00,1,180.00,17.00,50.00
2026-08-17 23:04:09.037 Serial <- P: 0,0.00,0.00,1,103.86,17.00,0,0.00,0.00,1,103.86,17.00
2026-08-17 23:04:09.123 Serial -> 0.00,17.00,50.00,180.00,17.00,0,50.00,0.00,17.00,50.00,180.00,17.00,0,50.00
2026-08-17 23:04:09.125 Serial <- S: 0,0.00,17.00,50.00,1,180.00,17.00,50.00,0,0.00,17.00,50.00,1,180.00,17.00,50.00
2026-08-17 23:04:09.139 Serial <- P: 0,0.00,0.00,1,105.57,17.00,0,0.00,0.00,1,105.59,17.00
2026-08-17 23:04:09.224 Serial -> 0.00,17.00,50.00,180.00,17.00,0,50.00,0.00,17.00,50.00,180.00,17.00,0,50.00
2026-08-17 23:04:09.226 Serial <- S: 0,0.00,17.00,50.00,1,180.00,17.00,50.00,0,0.00,17.00,50.00,1,180.00,17.00,50.00
2026-08-17 23:04:09.239 Serial <- P: 0,0.00,0.00,1,107.28,17.00,0,0.00,0.00,1,107.30,17.00
2026-08-17 23:04:09.340 Serial -> 0.00,17.00,50.00,180.00,17.00,0,50.00,0.00,17.00,50.00,180.00,17.00,0,50.00
2026-08-17 23:04:09.341 Serial <- P: 0,0.00,0.00,1,108.99,17.00,0,0.00,0.00,1,109.01,17.00
2026-08-17 23:04:09.342 Serial <- S: 0,0.00,17.00,50.00,1,180.00,17.00,50.00,0,0.00,17.00,50.00,1,180.00,17.00,50.00
2026-08-17 23:04:09.442 Serial <- P: 0,0.00,0.00,1,110.70,17.00,0,0.00,0.00,1,110.72,17.00
2026-08-17 23:04:09.454 Serial -> 0.00,17.00,50.00,180.00,17.00,0,50.00,0.00,17.00,50.00,180.00,17.00,0,50.00
2026-08-17 23:04:09.456 Serial <- S: 0,0.00,17.00,50.00,1,180.00,17.00,50.00,0,0.00,17.00,50.00,1,180.00,17.00,50.00
2026-08-17 23:04:09.543 Serial <- P: 0,0.00,0.00,1,112.41,17.00,0,0.00,0.00,1,112.45,17.00
2026-08-17 23:04:09.557 Serial -> 0.00,17.00,50.00,180.00,17.00,0,50.00,0.00,17.00,50.00,180.00,17.00,0,50.00
2026-08-17 23:04:09.559 Serial <- S: 0,0.00,17.00,50.00,1,180.00,17.00,50.00,0,0.00,17.00,50.00,1,180.00,17.00,50.00
2026-08-17 23:04:09.643 Serial <- P: 0,0.00,0.00,1,114.17,17.00,0,0.00,0.00,1,114.17,17.00
2026-08-17 23:04:09.673 Serial -> 0.00,17.00,50.00,180.00,17.00,0,50.00,0.00,17.00,50.00,180.00,17.00,0,50.00
2026-08-17 23:04:09.675 Serial <- S: 0,0.00,17.00,50.00,1,180.00,17.00,50.00,0,0.00,17.00,50.00,1,180.00,17.00,50.00
2026-08-17 23:04:09.754 Serial <- P: 0,0.00,0.00,1,115.87,17.00,0,0.00,0.00,1,115.87,17.00
2026-08-17 23:04:09.776 Serial -> 0.00,17.00,50.00,180.00,17.00,0,50.00,0.00,17.00,50.00,180.00,17.00,0,50.00
2026-08-17 23:04:09.777 Serial <- S: 0,0.00,17.00,50.00,1,180.00,17.00,50.00,0,0.00,17.00,50.00,1,180.00,17.00,50.00
2026-08-17 23:04:09.845 Serial <- P: 0,0.00,0.00,1,117.58,17.00,0,0.00,0.00,1,117.58,17.00
2026-08-17 23:04:09.888 Serial -> 0.00,17.00,50.00,180.00,17.00,0,50.00,0.00,17.00,50.00,180.00,17.00,0,50.00
2026-08-17 23:04:09.889 Serial <- S: 0,0.00,17.00,50.00,1,180.00,17.00,50.00,0,0.00,17.00,50.00,1,180.00,17.00,50.00
2026-08-17 23:04:09.947 Serial <- P: 0,0.00,0.00,1,119.29,17.00,0,0.00,0.00,1,119.32,17.00
2026-08-17 23:04:09.991 Serial -> 0.00,17.00,50.00,180.00,17.00,0,50.00,0.00,17.00,50.00,180.00,17.00,0,50.00
2026-08-17 23:04:09.993 Serial <- S: 0,0.00,17.00,50.00,1,180.00,17.00,50.00,0,0.00,17.00,50.00,1,180.00,17.00,50.00
2026-08-17 23:04:10.047 Serial <- P: 0,0.00,0.00,1,121.00,17.00,0,0.00,0.00,1,121.03,17.00
2026-08-17 23:04:10.106 Serial -> 0.00,17.00,50.00,180.00,17.00,0,50.00,0.00,17.00,50.00,180.00,17.00,0,50.00
2026-08-17 23:04:10.108 Serial <- S: 0,0.00,17.00,50.00,1,180.00,17.00,50.00,0,0.00,17.00,50.00,1,180.00,17.00,50.00
2026-08-17 23:04:10.148 Serial <- P: 0,0.00,0.00,1,122.71,17.00,0,0.00,0.00,1,122.76,17.00
2026-08-17 23:04:10.207 Serial -> 0.00,17.00,50.00,180.00,17.00,0,50.00,0.00,17.00,50.00,180.00,17.00,0,50.00
2026-08-17 23:04:10.208 Serial <- S: 0,0.00,17.00,50.00,1,180.00,17.00,50.00,0,0.00,17.00,50.00,1,180.00,17.00,50.00
2026-08-17 23:04:10.250 Serial <- P: 0,0.00,0.00,1,124.42,17.00,0,0.00,0.00,1,124.47,17.00
2026-08-17 23:04:10.326 Serial -> 0.00,17.00,50.00,180.00,17.00,0,50.00,0.00,17.00,50.00,180.00,17.00,0,50.00
2026-08-17 23:04:10.327 Serial <- S: 0,0.00,17.00,50.00,1,180.00,17.00,50.00,0,0.00,17.00,50.00,1,180.00,17.00,50.00
2026-08-17 23:04:10.350 Serial <- P: 0,0.00,0.00,1,126.18,17.00,0,0.00,0.00,1,126.18,17.00
2026-08-17 23:04:10.439 Serial -> 0.00,17.00,50.00,180.00,17.00,0,50.00,0.00,17.00,50.00,180.00,17.00,0,50.00
2026-08-17 23:04:10.441 Serial <- S: 0,0.00,17.00,50.00,1,180.00,17.00,50.00,0,0.00,17.00,50.00,1,180.00,17.00,50.00
2026-08-17 23:04:10.452 Serial <- P: 0,0.00,0.00,1,127.89,17.00,0,0.00,0.00,1,127.89,17.00
2026-08-17 23:04:10.541 Serial -> 0.00,17.00,50.00,180.00,17.00,0,50.00,0.00,17.00,50.00,180.00,17.00,0,50.00
2026-08-17 23:04:10.544 Serial <- S: 0,0.00,17.00,50.00,1,180.00,17.00,50.00,0,0.00,17.00,50.00,1,180.00,17.00,50.00
2026-08-17 23:04:10.552 Serial <- P: 0,0.00,0.00,1,129.60,17.00,0,0.00,0.00,1,129.62,17.00
2026-08-17 23:04:10.645 Serial -> 0.00,17.00,50.00,180.00,17.00,0,50.00,0.00,17.00,50.00,180.00,17.00,0,50.00
2026-08-17 23:04:10.647 Serial <- S: 0,0.00,17.00,50.00,1,180.00,17.00,50.00,0,0.00,17.00,50.00,1,180.00,17.00,50.00
2026-08-17 23:04:10.654 Serial <- P: 0,0.00,0.00,1,131.31,17.00,0,0.00,0.00,1,131.33,17.00
2026-08-17 23:04:10.755 Serial <- P: 0,0.00,0.00,1,133.02,17.00,0,0.00,0.00,1,133.04,17.00
2026-08-17 23:04:10.756 Serial -> 0.00,17.00,50.00,180.00,17.00,0,50.00,0.00,17.00,50.00,180.00,17.00,0,50.00
2026-08-17 23:04:10.758 Serial <- S: 0,0.00,17.00,50.00,1,180.00,17.00,50.00,0,0.00,17.00,50.00,1,180.00,17.00,50.00
2026-08-17 23:04:10.855 Serial <- P: 0,0.00,0.00,1,134.73,17.00,0,0.00,0.00,1,134.78,17.00
2026-08-17 23:04:10.873 Serial -> 0.00,17.00,50.00,180.00,17.00,0,50.00,0.00,17.00,50.00,180.00,17.00,0,50.00
2026-08-17 23:04:10.875 Serial <- S: 0,0.00,17.00,50.00,1,180.00,17.00,50.00,0,0.00,17.00,50.00,1,180.00,17.00,50.00
2026-08-17 23:04:10.957 Serial <- P: 0,0.00,0.00,1,136.49,17.00,0,0.00,0.00,1,136.49,17.00
2026-08-17 23:04:10.988 Serial -> 0.00,17.00,50.00,180.00,17.00,0,50.00,0.00,17.00,50.00,180.00,17.00,0,50.00
2026-08-17 23:04:10.989 Serial <- S: 0,0.00,17.00,50.00,1,180.00,17.00,50.00,0,0.00,17.00,50.00,1,180.00,17.00,50.00
2026-08-17 23:04:11.058 Serial <- P: 0,0.00,0.00,1,138.19,17.00,0,0.00,0.00,1,138.19,17.00
2026-08-17 23:04:11.092 Serial -> 0.00,17.00,50.00,180.00,17.00,0,50.00,0.00,17.00,50.00,180.00,17.00,0,50.00
2026-08-17 23:04:11.094 Serial <- S: 0,0.00,17.00,50.00,1,180.00,17.00,50.00,0,0.00,17.00,50.00,1,180.00,17.00,50.00
2026-08-17 23:04:11.158 Serial <- P: 0,0.00,0.00,1,139.90,17.00,0,0.00,0.00,1,139.93,17.00
2026-08-17 23:04:11.195 Serial -> 0.00,17.00,50.00,180.00,17.00,0,50.00,0.00,17.00,50.00,180.00,17.00,0,50.00
2026-08-17 23:04:11.197 Serial <- S: 0,0.00,17.00,50.00,1,180.00,17.00,50.00,0,0.00,17.00,50.00,1,180.00,17.00,50.00
2026-08-17 23:04:11.259 Serial <- P: 0,0.00,0.00,1,141.62,17.00,0,0.00,0.00,1,141.64,17.00
2026-08-17 23:04:11.306 Serial -> 0.00,17.00,50.00,180.00,17.00,0,50.00,0.00,17.00,50.00,180.00,17.00,0,50.00
2026-08-17 23:04:11.308 Serial <- S: 0,0.00,17.00,50.00,1,180.00,17.00,50.00,0,0.00,17.00,50.00,1,180.00,17.00,50.00
2026-08-17 23:04:11.360 Serial <- P: 0,0.00,0.00,1,143.32,17.00,0,0.00,0.00,1,143.35,17.00
2026-08-17 23:04:11.423 Serial -> 0.00,17.00,50.00,180.00,17.00,0,50.00,0.00,17.00,50.00,180.00,17.00,0,50.00
2026-08-17 23:04:11.424 Serial <- S: 0,0.00,17.00,50.00,1,180.00,17.00,50.00,0,0.00,17.00,50.00,1,180.00,17.00,50.00
2026-08-17 23:04:11.461 Serial <- P: 0,0.00,0.00,1,145.03,17.00,0,0.00,0.00,1,145.06,17.00
2026-08-17 23:04:11.525 Serial -> 0.00,17.00,50.00,180.00,17.00,0,50.00,0.00,17.00,50.00,180.00,17.00,0,50.00
2026-08-17 23:04:11.527 Serial <- S: 0,0.00,17.00,50.00,1,180.00,17.00,50.00,0,0.00,17.00,50.00,1,180.00,17.00,50.00
2026-08-17 23:04:11.562 Serial <- P: 0,0.00,0.00,1,146.79,17.00,0,0.00,0.00,1,146.79,17.00
2026-08-17 23:04:11.639 Serial -> 0.00,17.00,50.00,180.00,17.00,0,50.00,0.00,17.00,50.00,180.00,17.00,0,50.00
2026-08-17 23:04:11.642 Serial <- S: 0,0.00,17.00,50.00,1,180.00,17.00,50.00,0,0.00,17.00,50.00,1,180.00,17.00,50.00
2026-08-17 23:04:11.663 Serial <- P: 0,0.00,0.00,1,148.50,17.00,0,0.00,0.00,1,148.50,17.00
2026-08-17 23:04:11.739 Serial -> 0.00,17.00,50.00,180.00,17.00,0,50.00,0.00,17.00,50.00,180.00,17.00,0,50.00
2026-08-17 23:04:11.740 Serial <- S: 0,0.00,17.00,50.00,1,180.00,17.00,50.00,0,0.00,17.00,50.00,1,180.00,17.00,50.00
2026-08-17 23:04:11.764 Serial <- P: 0,0.00,0.00,1,150.21,17.00,0,0.00,0.00,1,150.21,17.00
2026-08-17 23:04:11.857 Serial -> 0.00,17.00,50.00,180.00,17.00,0,50.00,0.00,17.00,50.00,180.00,17.00,0,50.00
2026-08-17 23:04:11.858 Serial <- S: 0,0.00,17.00,50.00,1,180.00,17.00,50.00,0,0.00,17.00,50.00,1,180.00,17.00,50.00
2026-08-17 23:04:11.866 Serial <- P: 0,0.00,0.00,1,151.92,17.00,0,0.00,0.00,1,151.94,17.00
2026-08-17 23:04:11.957 Serial -> 0.00,17.00,50.00,180.00,17.00,0,50.00,0.00,17.00,50.00,180.00,17.00,0,50.00
2026-08-17 23:04:11.958 Serial <- S: 0,0.00,17.00,50.00,1,180.00,17.00,50.00,0,0.00,17.00,50.00,1,180.00,17.00,50.00
2026-08-17 23:04:11.966 Serial <- P: 0,0.00,0.00,1,153.63,17.00,0,0.00,0.00,1,153.65,17.00
2026-08-17 23:04:12.067 Serial <- P: 0,0.00,0.00,1,155.34,17.00,0,0.00,0.00,1,155.38,17.00
2026-08-17 23:04:12.083 Serial -> 0.00,17.00,50.00,180.00,17.00,0,50.00,0.00,17.00,50.00,180.00,17.00,0,50.00
2026-08-17 23:04:12.084 Serial <- S: 0,0.00,17.00,50.00,1,180.00,17.00,50.00,0,0.00,17.00,50.00,1,180.00,17.00,50.00
2026-08-17 23:04:12.168 Serial <- P: 0,0.00,0.00,1,157.05,17.00,0,0.00,0.00,1,157.09,17.00
2026-08-17 23:04:12.180 Serial -> 0.00,17.00,50.00,180.00,17.00,0,50.00,0.00,17.00,50.00,180.00,17.00,0,50.00
2026-08-17 23:04:12.181 Serial <- S: 0,0.00,17.00,50.00,1,180.00,17.00,50.00,0,0.00,17.00,50.00,1,180.00,17.00,50.00
2026-08-17 23:04:12.269 Serial <- P: 0,0.00,0.00,1,158.81,17.00,0,0.00,0.00,1,158.81,17.00
2026-08-17 23:04:12.291 Serial -> 0.00,17.00,50.00,180.00,17.00,0,50.00,0.00,17.00,50.00,180.00,17.00,0,50.00
2026-08-17 23:04:12.293 Serial <- S: 0,0.00,17.00,50.00,1,180.00,17.00,50.00,0,0.00,17.00,50.00,1,180.00,17.00,50.00
2026-08-17 23:04:12.370 Serial <- P: 0,0.00,0.00,1,160.51,17.00,0,0.00,0.00,1,160.51,17.00
2026-08-17 23:04:12.406 Serial -> 0.00,17.00,50.00,180.00,17.00,0,50.00,0.00,17.00,50.00,180.00,17.00,0,50.00
2026-08-17 23:04:12.408 Serial <- S: 0,0.00,17.00,50.00,1,180.00,17.00,50.00,0,0.00,17.00,50.00,1,180.00,17.00,50.00
2026-08-17 23:04:12.471 Serial <- P: 0,0.00,0.00,1,162.22,17.00,0,0.00,0.00,1,162.25,17.00
2026-08-17 23:04:12.505 Serial -> 0.00,17.00,50.00,180.00,17.00,0,50.00,0.00,17.00,50.00,180.00,17.00,0,50.00
2026-08-17 23:04:12.506 Serial <- S: 0,0.00,17.00,50.00,1,180.00,17.00,50.00,0,0.00,17.00,50.00,1,180.00,17.00,50.00
2026-08-17 23:04:12.572 Serial <- P: 0,0.00,0.00,1,163.93,17.00,0,0.00,0.00,1,163.96,17.00
2026-08-17 23:04:12.624 Serial -> 0.00,17.00,50.00,180.00,17.00,0,50.00,0.00,17.00,50.00,180.00,17.00,0,50.00
2026-08-17 23:04:12.626 Serial <- S: 0,0.00,17.00,50.00,1,180.00,17.00,50.00,0,0.00,17.00,50.00,1,180.00,17.00,50.00
2026-08-17 23:04:12.673 Serial <- P: 0,0.00,0.00,1,165.65,17.00,0,0.00,0.00,1,165.67,17.00
2026-08-17 23:04:12.724 Serial -> 0.00,17.00,50.00,180.00,17.00,0,50.00,0.00,17.00,50.00,180.00,17.00,0,50.00
2026-08-17 23:04:12.725 Serial <- S: 0,0.00,17.00,50.00,1,180.00,17.00,50.00,0,0.00,17.00,50.00,1,180.00,17.00,50.00
2026-08-17 23:04:12.774 Serial <- P: 0,0.00,0.00,1,167.35,17.00,0,0.00,0.00,1,167.40,17.00
2026-08-17 23:04:12.840 Serial -> 0.00,17.00,50.00,180.00,17.00,0,50.00,0.00,17.00,50.00,180.00,17.00,0,50.00
2026-08-17 23:04:12.841 Serial <- S: 0,0.00,17.00,50.00,1,180.00,17.00,50.00,0,0.00,17.00,50.00,1,180.00,17.00,50.00
2026-08-17 23:04:12.875 Serial <- P: 0,0.00,0.00,1,169.11,17.00,0,0.00,0.00,1,169.11,17.00
2026-08-17 23:04:12.944 Serial -> 0.00,17.00,50.00,180.00,17.00,0,50.00,0.00,17.00,50.00,180.00,17.00,0,50.00
2026-08-17 23:04:12.946 Serial <- S: 0,0.00,17.00,50.00,1,180.00,17.00,50.00,0,0.00,17.00,50.00,1,180.00,17.00,50.00
2026-08-17 23:04:12.976 Serial <- P: 0,0.00,0.00,1,170.82,17.00,0,0.00,0.00,1,170.82,17.00
2026-08-17 23:04:13.054 Serial -> 0.00,17.00,50.00,180.00,17.00,0,50.00,0.00,17.00,50.00,180.00,17.00,0,50.00
2026-08-17 23:04:13.056 Serial <- S: 0,0.00,17.00,50.00,1,180.00,17.00,50.00,0,0.00,17.00,50.00,1,180.00,17.00,50.00
2026-08-17 23:04:13.078 Serial <- P: 0,0.00,0.00,1,172.53,17.00,0,0.00,0.00,1,172.55,17.00
2026-08-17 23:04:13.170 Serial -> 0.00,17.00,50.00,180.00,17.00,0,50.00,0.00,17.00,50.00,180.00,17.00,0,50.00
2026-08-17 23:04:13.171 Serial <- S: 0,0.00,17.00,50.00,1,180.00,17.00,50.00,0,0.00,17.00,50.00,1,180.00,17.00,50.00
2026-08-17 23:04:13.180 Serial <- P: 0,0.00,0.00,1,174.24,17.00,0,0.00,0.00,1,174.26,17.00
2026-08-17 23:04:13.273 Serial -> 0.00,17.00,50.00,180.00,17.00,0,50.00,0.00,17.00,50.00,180.00,17.00,0,50.00
2026-08-17 23:04:13.274 Serial <- S: 0,0.00,17.00,50.00,1,180.00,17.00,50.00,0,0.00,17.00,50.00,1,180.00,17.00,50.00
2026-08-17 23:04:13.280 Serial <- P: 0,0.00,0.00,1,175.95,17.00,0,0.00,0.00,1,175.97,17.00
2026-08-17 23:04:13.382 Serial <- P: 0,0.00,0.00,1,177.66,15.44,0,0.00,0.00,1,177.66,15.35
2026-08-17 23:04:13.383 Serial -> 0.00,17.00,50.00,180.00,17.00,0,50.00,0.00,17.00,50.00,180.00,17.00,0,50.00
2026-08-17 23:04:13.385 Serial <- S: 0,0.00,17.00,50.00,1,180.00,17.00,50.00,0,0.00,17.00,50.00,1,180.00,17.00,50.00
2026-08-17 23:04:13.481 Serial <- P: 0,0.00,0.00,1,178.96,10.37,0,0.00,0.00,1,178.96,10.28
2026-08-17 23:04:13.489 Serial -> 0.00,17.00,50.00,180.00,17.00,0,50.00,0.00,17.00,50.00,180.00,17.00,0,50.00
2026-08-17 23:04:13.492 Serial <- S: 0,0.00,17.00,50.00,1,180.00,17.00,50.00,0,0.00,17.00,50.00,1,180.00,17.00,50.00
2026-08-17 23:04:13.582 Serial <- P: 0,0.00,0.00,1,179.73,5.33,0,0.00,0.00,1,179.75,5.24
2026-08-17 23:04:13.608 Serial -> 0.00,17.00,50.00,180.00,17.00,0,50.00,0.00,17.00,50.00,180.00,17.00,0,50.00
2026-08-17 23:04:13.609 Serial <- S: 0,0.00,17.00,50.00,1,180.00,17.00,50.00,0,0.00,17.00,50.00,1,180.00,17.00,50.00
2026-08-17 23:04:13.683 Serial <- P: 0,0.00,0.00,0,180.00,0.00,0,0.00,0.00,0,180.00,0.00
2026-08-17 23:04:13.711 Serial -> 0.00,17.00,50.00,180.00,17.00,0,50.00,0.00,17.00,50.00,180.00,17.00,0,50.00
2026-08-17 23:04:13.712 Serial <- S: 0,0.00,17.00,50.00,0,180.00,17.00,50.00,0,0.00,17.00,50.00,0,180.00,17.00,50.00
2026-08-17 23:04:13.784 Serial <- P: 0,0.00,0.00,0,180.00,0.00,0,0.00,0.00,0,180.00,0.00
2026-08-17 23:04:13.831 Serial -> 0.00,17.00,50.00,180.00,17.00,0,50.00,0.00,17.00,50.00,180.00,17.00,0,50.00
2026-08-17 23:04:13.832 Serial <- S: 0,0.00,17.00,50.00,0,180.00,17.00,50.00,0,0.00,17.00,50.00,0,180.00,17.00,50.00
2026-08-17 23:04:13.885 Serial <- P: 0,0.00,0.00,0,180.00,0.00,0,0.00,0.00,0,180.00,0.00
2026-08-17 23:04:13.939 Serial -> 0.00,17.00,50.00,180.00,17.00,0,50.00,0.00,17.00,50.00,180.00,17.00,0,50.00
2026-08-17 23:04:13.941 Serial <- S: 0,0.00,17.00,50.00,0,180.00,17.00,50.00,0,0.00,17.00,50.00,0,180.00,17.00,50.00
2026-08-17 23:04:13.986 Serial <- P: 0,0.00,0.00,0,180.00,0.00,0,0.00,0.00,0,180.00,0.00
2026-08-17 23:04:14.039 Serial -> 0.00,17.00,50.00,180.00,17.00,0,50.00,0.00,17.00,50.00,180.00,17.00,0,50.00
2026-08-17 23:04:14.041 Serial <- S: 0,0.00,17.00,50.00,0,180.00,17.00,50.00,0,0.00,17.00,50.00,0,180.00,17.00,50.00
2026-08-17 23:04:14.087 Serial <- P: 0,0.00,0.00,0,180.00,0.00,0,0.00,0.00,0,180.00,0.00
2026-08-17 23:04:14.147 Serial -> 0.00,17.00,50.00,180.00,17.00,0,50.00,0.00,17.00,50.00,180.00,17.00,0,50.00
2026-08-17 23:04:14.148 Serial <- S: 0,0.00,17.00,50.00,0,180.00,17.00,50.00,0,0.00,17.00,50.00,0,180.00,17.00,50.00
2026-08-17 23:04:14.188 Serial <- P: 0,0.00,0.00,0,180.00,0.00,0,0.00,0.00,0,180.00,0.00
2026-08-17 23:04:14.264 Serial -> 0.00,17.00,50.00,180.00,17.00,0,50.00,0.00,17.00,50.00,180.00,17.00,0,50.00
2026-08-17 23:04:14.265 Serial <- S: 0,0.00,17.00,50.00,0,180.00,17.00,50.00,0,0.00,17.00,50.00,0,180.00,17.00,50.00
2026-08-17 23:04:14.289 Serial <- P: 0,0.00,0.00,0,180.00,0.00,0,0.00,0.00,0,180.00,0.00
2026-08-17 23:04:14.373 Serial -> 0.00,17.00,50.00,180.00,17.00,0,50.00,0.00,17.00,50.00,180.00,17.00,0,50.00
2026-08-17 23:04:14.375 Serial <- S: 0,0.00,17.00,50.00,0,180.00,17.00,50.00,0,0.00,17.00,50.00,0,180.00,17.00,50.00
2026-08-17 23:04:14.393 Serial <- P: 0,0.00,0.00,0,180.00,0.00,0,0.00,0.00,0,180.00,0.00
2026-08-17 23:04:14.474 Serial -> 0.00,17.00,50.00,180.00,17.00,0,50.00,0.00,17.00,50.00,180.00,17.00,0,50.00
2026-08-17 23:04:14.476 Serial <- S: 0,0.00,17.00,50.00,0,180.00,17.00,50.00,0,0.00,17.00,50.00,0,180.00,17.00,50.00
2026-08-17 23:04:14.493 Serial <- P: 0,0.00,0.00,0,180.00,0.00,0,0.00,0.00,0,180.00,0.00
2026-08-17 23:04:14.590 Serial -> 0.00,17.00,50.00,180.00,17.00,0,50.00,0.00,17.00,50.00,180.00,17.00,0,50.00
2026-08-17 23:04:14.591 Serial <- S: 0,0.00,17.00,50.00,0,180.00,17.00,50.00,0,0.00,17.00,50.00,0,180.00,17.00,50.00
2026-08-17 23:04:14.599 Serial <- P: 0,0.00,0.00,0,180.00,0.00,0,0.00,0.00,0,180.00,0.00
2026-08-17 23:04:14.693 Serial <- P: 0,0.00,0.00,0,180.00,0.00,0,0.00,0.00,0,180.00,0.00
2026-08-17 23:04:14.698 Serial -> 0.00,17.00,50.00,180.00,17.00,0,50.00,0.00,17.00,50.00,180.00,17.00,0,50.00
2026-08-17 23:04:14.699 Serial <- S: 0,0.00,17.00,50.00,0,180.00,17.00,50.00,0,0.00,17.00,50.00,0,180.00,17.00,50.00
2026-08-17 23:04:14.794 Serial <- P: 0,0.00,0.00,0,180.00,0.00,0,0.00,0.00,0,180.00,0.00
2026-08-17 23:04:14.807 Serial -> 0.00,17.00,50.00,180.00,17.00,0,50.00,0.00,17.00,50.00,180.00,17.00,0,50.00
2026-08-17 23:04:14.809 Serial <- S: 0,0.00,17.00,50.00,0,180.00,17.00,50.00,0,0.00,17.00,50.00,0,180.00,17.00,50.00
2026-08-17 23:04:14.895 Serial <- P: 0,0.00,0.00,0,180.00,0.00,0,0.00,0.00,0,180.00,0.00
2026-08-17 23:04:14.918 Serial -> 0.00,17.00,50.00,180.00,17.00,0,50.00,0.00,17.00,50.00,180.00,17.00,0,50.00
2026-08-17 23:04:14.920 Serial <- S: 0,0.00,17.00,50.00,0,180.00,17.00,50.00,0,0.00,17.00,50.00,0,180.00,17.00,50.00
2026-08-17 23:04:14.996 Serial <- P: 0,0.00,0.00,0,180.00,0.00,0,0.00,0.00,0,180.00,0.00
2026-08-17 23:04:15.022 Serial -> 0.00,17.00,50.00,180.00,17.00,0,50.00,0.00,17.00,50.00,180.00,17.00,0,50.00
2026-08-17 23:04:15.024 Serial <- S: 0,0.00,17.00,50.00,0,180.00,17.00,50.00,0,0.00,17.00,50.00,0,180.00,17.00,50.00
2026-08-17 23:04:15.097 Serial <- P: 0,0.00,0.00,0,180.00,0.00,0,0.00,0.00,0,180.00,0.00
2026-08-17 23:04:15.134 Serial -> 0.00,17.00,50.00,180.00,17.00,0,50.00,0.00,17.00,50.00,180.00,17.00,0,50.00
2026-08-17 23:04:15.135 Serial <- S: 0,0.00,17.00,50.00,0,180.00,17.00,50.00,0,0.00,17.00,50.00,0,180.00,17.00,50.00
2026-08-17 23:04:15.198 Serial <- P: 0,0.00,0.00,0,180.00,0.00,0,0.00,0.00,0,180.00,0.00
2026-08-17 23:04:15.239 Serial -> 0.00,17.00,50.00,180.00,17.00,0,50.00,0.00,17.00,50.00,180.00,17.00,0,50.00
2026-08-17 23:04:15.243 Serial <- S: 0,0.00,17.00,50.00,0,180.00,17.00,50.00,0,0.00,17.00,50.00,0,180.00,17.00,50.00
2026-08-17 23:04:15.299 Serial <- P: 0,0.00,0.00,0,180.00,0.00,0,0.00,0.00,0,180.00,0.00
2026-08-17 23:04:15.349 Serial -> 0.00,17.00,50.00,180.00,17.00,0,50.00,0.00,17.00,50.00,180.00,17.00,0,50.00
2026-08-17 23:04:15.350 Serial <- S: 0,0.00,17.00,50.00,0,180.00,17.00,50.00,0,0.00,17.00,50.00,0,180.00,17.00,50.00
2026-08-17 23:04:15.400 Serial <- P: 0,0.00,0.00,0,180.00,0.00,0,0.00,0.00,0,180.00,0.00
2026-08-17 23:04:15.462 Serial -> 0.00,17.00,50.00,180.00,17.00,0,50.00,0.00,17.00,50.00,180.00,17.00,0,50.00
2026-08-17 23:04:15.464 Serial <- S: 0,0.00,17.00,50.00,0,180.00,17.00,50.00,0,0.00,17.00,50.00,0,180.00,17.00,50.00
2026-08-17 23:04:15.501 Serial <- P: 0,0.00,0.00,0,180.00,0.00,0,0.00,0.00,0,180.00,0.00
2026-08-17 23:04:15.573 Serial -> 0.00,17.00,50.00,180.00,17.00,0,50.00,0.00,17.00,50.00,180.00,17.00,0,50.00
2026-08-17 23:04:15.579 Serial <- S: 0,0.00,17.00,50.00,0,180.00,17.00,50.00,0,0.00,17.00,50.00,0,180.00,17.00,50.00
2026-08-17 23:04:15.602 Serial <- P: 0,0.00,0.00,0,180.00,0.00,0,0.00,0.00,0,180.00,0.00
2026-08-17 23:04:15.677 Serial -> 0.00,17.00,50.00,180.00,17.00,0,50.00,0.00,17.00,50.00,180.00,17.00,0,50.00
2026-08-17 23:04:15.678 Serial <- S: 0,0.00,17.00,50.00,0,180.00,17.00,50.00,0,0.00,17.00,50.00,0,180.00,17.00,50.00
2026-08-17 23:04:15.703 Serial <- P: 0,0.00,0.00,0,180.00,0.00,0,0.00,0.00,0,180.00,0.00
2026-08-17 23:04:15.788 Serial -> 0.00,17.00,50.00,180.00,17.00,0,50.00,0.00,17.00,50.00,180.00,17.00,0,50.00
2026-08-17 23:04:15.789 Serial <- S: 0,0.00,17.00,50.00,0,180.00,17.00,50.00,0,0.00,17.00,50.00,0,180.00,17.00,50.00
2026-08-17 23:04:15.804 Serial <- P: 0,0.00,0.00,0,180.00,0.00,0,0.00,0.00,0,180.00,0.00
2026-08-17 23:04:15.902 Serial -> 0.00,17.00,50.00,180.00,17.00,0,50.00,0.00,17.00,50.00,180.00,17.00,0,50.00
2026-08-17 23:04:15.903 Serial <- S: 0,0.00,17.00,50.00,0,180.00,17.00,50.00,0,0.00,17.00,50.00,0,180.00,17.00,50.00
2026-08-17 23:04:15.906 Serial <- P: 0,0.00,0.00,0,180.00,0.00,0,0.00,0.00,0,180.00,0.00
2026-08-17 23:04:16.006 Serial -> 0.00,17.00,50.00,180.00,17.00,0,50.00,0.00,17.00,50.00,180.00,17.00,0,50.00
2026-08-17 23:04:16.007 Serial <- P: 0,0.00,0.00,0,180.00,0.00,0,0.00,0.00,0,180.00,0.00
2026-08-17 23:04:16.010 Serial <- S: 0,0.00,17.00,50.00,0,180.00,17.00,50.00,0,0.00,17.00,50.00,0,180.00,17.00,50.00
2026-08-17 23:04:16.107 Serial <- P: 0,0.00,0.00,0,180.00,0.00,0,0.00,0.00,0,180.00,0.00
2026-08-17 23:04:16.117 Serial -> 0.00,17.00,50.00,180.00,17.00,0,50.00,0.00,17.00,50.00,180.00,17.00,0,50.00
2026-08-17 23:04:16.117 Serial <- S: 0,0.00,17.00,50.00,0,180.00,17.00,50.00,0,0.00,17.00,50.00,0,180.00,17.00,50.00
2026-08-17 23:04:16.208 Serial <- P: 0,0.00,0.00,0,180.00,0.00,0,0.00,0.00,0,180.00,0.00
2026-08-17 23:04:16.230 Serial -> 0.00,17.00,50.00,180.00,17.00,0,50.00,0.00,17.00,50.00,180.00,17.00,0,50.00
2026-08-17 23:04:16.231 Serial <- S: 0,0.00,17.00,50.00,0,180.00,17.00,50.00,0,0.00,17.00,50.00,0,180.00,17.00,50.00
2026-08-17 23:04:16.309 Serial <- P: 0,0.00,0.00,0,180.00,0.00,0,0.00,0.00,0,180.00,0.00
2026-08-17 23:04:16.339 Serial -> 0.00,17.00,50.00,180.00,17.00,0,50.00,0.00,17.00,50.00,180.00,17.00,0,50.00
2026-08-17 23:04:16.341 Serial <- S: 0,0.00,17.00,50.00,0,180.00,17.00,50.00,0,0.00,17.00,50.00,0,180.00,17.00,50.00
2026-08-17 23:04:16.411 Serial <- P: 0,0.00,0.00,0,180.00,0.00,0,0.00,0.00,0,180.00,0.00
2026-08-17 23:04:16.446 Serial -> 6.00,17.00,50.00,166.03,17.00,0,50.00,0.00,17.00,50.00,180.00,17.00,0,50.00
2026-08-17 23:04:16.447 Serial <- S: 1,6.00,17.00,50.00,1,166.05,17.00,50.00,0,0.00,17.00,50.00,0,180.00,17.00,50.00
2026-08-17 23:04:16.511 Serial <- P: 1,0.10,3.22,1,179.91,-3.22,0,0.00,0.00,0,180.00,0.00
2026-08-17 23:04:16.564 Serial -> 16.39,17.00,50.00,136.99,17.00,0,50.00,0.00,17.00,50.00,180.00,17.00,0,50.00
2026-08-17 23:04:16.565 Serial <- S: 1,16.39,17.00,50.00,1,136.98,17.00,50.00,0,0.00,17.00,50.00,0,180.00,17.00,50.00
2026-08-17 23:04:16.612 Serial <- P: 1,0.68,8.26,1,179.32,-8.28,0,0.00,0.00,0,180.00,0.00
2026-08-17 23:04:16.664 Serial -> 21.04,17.00,50.00,121.10,17.00,0,50.00,0.00,17.00,50.00,180.00,17.00,0,50.00
2026-08-17 23:04:16.666 Serial <- S: 1,21.04,17.00,50.00,1,121.09,17.00,50.00,0,0.00,17.00,50.00,0,180.00,17.00,50.00
2026-08-17 23:04:16.715 Serial <- P: 1,1.77,13.32,1,178.25,-13.32,0,0.00,0.00,0,180.00,0.00
2026-08-17 23:04:16.777 Serial -> 25.70,17.00,50.00,106.85,17.00,0,50.00,0.00,17.00,50.00,180.00,17.00,0,50.00
2026-08-17 23:04:16.778 Serial <- S: 1,25.69,17.00,50.00,1,106.83,17.00,50.00,0,0.00,17.00,50.00,0,180.00,17.00,50.00
2026-08-17 23:04:16.815 Serial <- P: 1,3.35,17.00,1,176.67,-17.00,0,0.00,0.00,0,180.00,0.00
2026-08-17 23:04:16.881 Serial -> 27.49,17.00,50.00,99.73,17.00,0,50.00,0.00,17.00,50.00,180.00,17.00,0,50.00
2026-08-17 23:04:16.884 Serial <- S: 1,27.50,17.00,50.00,1,99.72,17.00,50.00,0,0.00,17.00,50.00,0,180.00,17.00,50.00
2026-08-17 23:04:16.916 Serial <- P: 1,5.07,17.00,1,174.96,-17.00,0,0.00,0.00,0,180.00,0.00
2026-08-17 23:04:16.997 Serial -> 27.85,17.00,50.00,98.08,17.00,0,50.00,0.00,17.00,50.00,180.00,17.00,0,50.00
2026-08-17 23:04:16.999 Serial <- S: 1,27.85,17.00,50.00,1,98.10,17.00,50.00,0,0.00,17.00,50.00,0,180.00,17.00,50.00
2026-08-17 23:04:17.016 Serial <- P: 1,6.78,17.00,1,173.25,-17.00,0,0.00,0.00,0,180.00,0.00
2026-08-17 23:04:17.098 Serial -> 27.85,17.00,50.00,98.08,17.00,0,50.00,0.00,17.00,50.00,180.00,17.00,0,50.00
2026-08-17 23:04:17.099 Serial <- S: 1,27.85,17.00,50.00,1,98.10,17.00,50.00,0,0.00,17.00,50.00,0,180.00,17.00,50.00
2026-08-17 23:04:17.117 Serial <- P: 1,8.51,17.00,1,171.50,-17.00,0,0.00,0.00,0,180.00,0.00
2026-08-17 23:04:17.218 Serial <- P: 1,10.23,17.00,1,169.78,-17.00,0,0.00,0.00,0,180.00,0.00
2026-08-17 23:04:17.219 Serial -> 27.85,17.00,50.00,98.08,17.00,0,50.00,0.00,17.00,50.00,180.00,17.00,0,50.00
2026-08-17 23:04:17.220 Serial <- S: 1,27.85,17.00,50.00,1,98.10,17.00,50.00,0,0.00,17.00,50.00,0,180.00,17.00,50.00
2026-08-17 23:04:17.319 Serial <- P: 1,11.94,17.00,1,168.07,-17.00,0,0.00,0.00,0,180.00,0.00
2026-08-17 23:04:17.330 Serial -> 27.85,17.00,50.00,98.08,17.00,0,50.00,0.00,17.00,50.00,180.00,17.00,0,50.00
2026-08-17 23:04:17.332 Serial <- S: 1,27.85,17.00,50.00,1,98.10,17.00,50.00,0,0.00,17.00,50.00,0,180.00,17.00,50.00
2026-08-17 23:04:17.420 Serial <- P: 1,13.66,17.00,1,166.37,-17.00,0,0.00,0.00,0,180.00,0.00
2026-08-17 23:04:17.432 Serial -> 27.85,17.00,50.00,98.08,17.00,0,50.00,0.00,17.00,50.00,180.00,17.00,0,50.00
2026-08-17 23:04:17.434 Serial <- S: 1,27.85,17.00,50.00,1,98.10,17.00,50.00,0,0.00,17.00,50.00,0,180.00,17.00,50.00
2026-08-17 23:04:17.522 Serial <- P: 1,15.37,17.00,1,164.65,-17.00,0,0.00,0.00,0,180.00,0.00
2026-08-17 23:04:17.536 Serial -> 27.85,17.00,50.00,98.08,17.00,0,50.00,0.00,17.00,50.00,180.00,17.00,0,50.00
2026-08-17 23:04:17.538 Serial <- S: 1,27.85,17.00,50.00,1,98.10,17.00,50.00,0,0.00,17.00,50.00,0,180.00,17.00,50.00
2026-08-17 23:04:17.622 Serial <- P: 1,17.09,17.00,1,162.94,-17.00,0,0.00,0.00,0,180.00,0.00
2026-08-17 23:04:17.648 Serial -> 27.85,17.00,50.00,98.08,17.00,0,50.00,0.00,17.00,50.00,180.00,17.00,0,50.00
2026-08-17 23:04:17.649 Serial <- S: 1,27.85,17.00,50.00,1,98.10,17.00,50.00,0,0.00,17.00,50.00,0,180.00,17.00,50.00
2026-08-17 23:04:17.723 Serial <- P: 1,18.81,17.00,1,161.19,-17.00,0,0.00,0.00,0,180.00,0.00
2026-08-17 23:04:17.761 Serial -> 27.13,17.00,50.00,100.27,17.00,0,50.00,0.00,17.00,50.00,180.00,17.00,0,50.00
2026-08-17 23:04:17.763 Serial <- S: 1,27.14,17.00,50.00,1,100.26,17.00,50.00,0,0.00,17.00,50.00,0,180.00,17.00,50.00
2026-08-17 23:04:17.824 Serial <- P: 1,20.52,17.00,1,159.48,-17.00,0,0.00,0.00,0,180.00,0.00
2026-08-17 23:04:17.873 Serial -> 19.25,17.00,50.00,107.95,17.00,0,50.00,0.00,17.00,50.00,180.00,17.00,0,50.00
2026-08-17 23:04:17.875 Serial <- S: 1,27.14,17.00,50.00,1,107.95,17.00,50.00,0,0.00,17.00,50.00,0,180.00,17.00,50.00
2026-08-17 23:04:17.925 Serial <- P: 1,22.17,14.43,1,157.77,-17.00,0,0.00,0.00,0,180.00,0.00
2026-08-17 23:04:17.976 Serial -> -17.64,17.00,50.00,129.86,17.00,0,50.00,0.00,17.00,50.00,180.00,17.00,0,50.00
2026-08-17 23:04:17.978 Serial <- S: 1,27.14,17.00,50.00,1,129.87,17.00,50.00,0,0.00,17.00,50.00,0,180.00,17.00,50.00
2026-08-17 23:04:18.027 Serial <- P: 1,23.38,9.39,1,156.06,-17.00,0,0.00,0.00,0,180.00,0.00
2026-08-17 23:04:18.098 Serial -> -37.34,17.00,50.00,142.47,17.00,0,50.00,0.00,17.00,50.00,180.00,17.00,0,50.00
2026-08-17 23:04:18.100 Serial <- S: 1,27.14,17.00,50.00,1,142.47,17.00,50.00,0,0.00,17.00,50.00,0,180.00,17.00,50.00
2026-08-17 23:04:18.127 Serial <- P: 1,24.06,4.33,1,154.35,-17.00,0,0.00,0.00,0,180.00,0.00
2026-08-17 23:04:18.199 Serial -> -43.43,17.00,50.00,145.21,17.00,0,50.00,0.00,17.00,50.00,180.00,17.00,0,50.00
2026-08-17 23:04:18.201 Serial <- S: 1,27.14,17.00,50.00,1,145.21,17.00,50.00,0,0.00,17.00,50.00,0,180.00,17.00,50.00
2026-08-17 23:04:18.228 Serial <- P: 1,24.25,-0.71,1,152.64,-17.00,0,0.00,0.00,0,180.00,0.00
2026-08-17 23:04:18.307 Serial -> -44.15,17.00,50.00,145.21,17.00,0,50.00,0.00,17.00,50.00,180.00,17.00,0,50.00
2026-08-17 23:04:18.309 Serial <- S: 1,-44.15,17.00,50.00,1,145.21,17.00,50.00,0,0.00,17.00,50.00,0,180.00,17.00,50.00
2026-08-17 23:04:18.330 Serial <- P: 1,24.06,-4.49,1,150.88,-17.00,0,0.00,0.00,0,180.00,0.00
2026-08-17 23:04:18.412 Serial -> -44.51,17.00,50.00,145.21,17.00,0,50.00,0.00,17.00,50.00,180.00,17.00,0,50.00
2026-08-17 23:04:18.413 Serial <- S: 1,-44.51,17.00,50.00,1,145.21,17.00,50.00,0,0.00,17.00,50.00,0,180.00,17.00,50.00
2026-08-17 23:04:18.430 Serial <- P: 1,23.35,-9.53,1,149.18,-17.00,0,0.00,0.00,0,180.00,0.00
2026-08-17 23:04:18.522 Serial -> -44.51,17.00,50.00,145.21,17.00,0,50.00,0.00,17.00,50.00,180.00,17.00,0,50.00
2026-08-17 23:04:18.523 Serial <- S: 1,-44.51,17.00,50.00,1,145.21,17.00,50.00,0,0.00,17.00,50.00,0,180.00,17.00,50.00
2026-08-17 23:04:18.531 Serial <- P: 1,22.14,-14.57,1,147.51,-15.22,0,0.00,0.00,0,180.00,0.00
2026-08-17 23:04:18.632 Serial <- P: 1,20.48,-17.00,1,146.21,-10.18,0,0.00,0.00,0,180.00,0.00
2026-08-17 23:04:18.639 Serial -> -44.51,17.00,50.00,145.21,17.00,0,50.00,0.00,17.00,50.00,180.00,17.00,0,50.00
2026-08-17 23:04:18.641 Serial <- S: 1,-44.51,17.00,50.00,1,145.21,17.00,50.00,0,0.00,17.00,50.00,0,180.00,17.00,50.00
2026-08-17 23:04:18.733 Serial <- P: 1,18.75,-17.00,1,145.44,-5.14,0,0.00,0.00,0,180.00,0.00
2026-08-17 23:04:18.739 Serial -> -44.51,17.00,50.00,145.21,17.00,0,50.00,0.00,17.00,50.00,180.00,17.00,0,50.00
2026-08-17 23:04:18.742 Serial <- S: 1,-44.51,17.00,50.00,1,145.21,17.00,50.00,0,0.00,17.00,50.00,0,180.00,17.00,50.00
2026-08-17 23:04:18.834 Serial <- P: 1,17.04,-17.00,0,145.21,0.00,0,0.00,0.00,0,180.00,0.00
2026-08-17 23:04:18.853 Serial -> -44.51,17.00,50.00,145.21,17.00,0,50.00,0.00,17.00,50.00,180.00,17.00,0,50.00
2026-08-17 23:04:18.855 Serial <- S: 1,-44.51,17.00,50.00,0,145.21,17.00,50.00,0,0.00,17.00,50.00,0,180.00,17.00,50.00
2026-08-17 23:04:18.935 Serial <- P: 1,15.32,-17.00,0,145.21,0.00,0,0.00,0.00,0,180.00,0.00
2026-08-17 23:04:18.966 Serial -> -44.51,17.00,50.00,145.21,17.00,0,50.00,0.00,17.00,50.00,180.00,17.00,0,50.00
2026-08-17 23:04:18.967 Serial <- S: 1,-44.51,17.00,50.00,0,145.21,17.00,50.00,0,0.00,17.00,50.00,0,180.00,17.00,50.00
2026-08-17 23:04:19.036 Serial <- P: 1,13.61,-17.00,0,145.21,0.00,0,0.00,0.00,0,180.00,0.00
2026-08-17 23:04:19.074 Serial -> -44.51,17.00,50.00,145.21,17.00,0,50.00,0.00,17.00,50.00,180.00,17.00,0,50.00
2026-08-17 23:04:19.076 Serial <- S: 1,-44.51,17.00,50.00,0,145.21,17.00,50.00,0,0.00,17.00,50.00,0,180.00,17.00,50.00
2026-08-17 23:04:19.139 Serial <- P: 1,11.89,-17.00,0,145.21,0.00,0,0.00,0.00,0,180.00,0.00
2026-08-17 23:04:19.189 Serial -> -44.51,17.00,50.00,145.21,17.00,0,50.00,0.00,17.00,50.00,180.00,17.00,0,50.00
2026-08-17 23:04:19.191 Serial <- S: 1,-44.51,17.00,50.00,0,145.21,17.00,50.00,0,0.00,17.00,50.00,0,180.00,17.00,50.00
2026-08-17 23:04:19.238 Serial <- P: 1,10.17,-17.00,0,145.21,0.00,0,0.00,0.00,0,180.00,0.00
2026-08-17 23:04:19.287 Serial -> -44.51,17.00,50.00,145.21,17.00,0,50.00,0.00,17.00,50.00,180.00,17.00,0,50.00
2026-08-17 23:04:19.288 Serial <- S: 1,-44.51,17.00,50.00,0,145.21,17.00,50.00,0,0.00,17.00,50.00,0,180.00,17.00,50.00
2026-08-17 23:04:19.339 Serial <- P: 1,8.45,-17.00,0,145.21,0.00,0,0.00,0.00,0,180.00,0.00
2026-08-17 23:04:19.403 Serial -> -39.13,17.00,50.00,145.21,17.00,0,50.00,0.00,17.00,50.00,180.00,17.00,0,50.00
2026-08-17 23:04:19.404 Serial <- S: 1,-39.13,17.00,50.00,0,145.21,17.00,50.00,0,0.00,17.00,50.00,0,180.00,17.00,50.00
2026-08-17 23:04:19.440 Serial <- P: 1,6.74,-17.00,0,145.21,0.00,0,0.00,0.00,0,180.00,0.00
2026-08-17 23:04:19.514 Serial -> -30.18,17.00,50.00,143.56,17.00,0,50.00,0.00,17.00,50.00,180.00,17.00,0,50.00
2026-08-17 23:04:19.516 Serial <- S: 1,-30.18,17.00,50.00,1,143.55,17.00,50.00,0,0.00,17.00,50.00,0,180.00,17.00,50.00
2026-08-17 23:04:19.541 Serial <- P: 1,5.03,-17.00,1,145.21,-1.34,0,0.00,0.00,0,180.00,0.00
2026-08-17 23:04:19.622 Serial -> -15.49,17.00,50.00,162.74,17.00,0,50.00,0.00,17.00,50.00,180.00,17.00,0,50.00
2026-08-17 23:04:19.624 Serial <- S: 1,-15.49,17.00,50.00,1,143.55,17.00,50.00,0,0.00,17.00,50.00,0,180.00,17.00,50.00
2026-08-17 23:04:19.642 Serial <- P: 1,3.31,-17.00,1,144.85,-4.46,0,0.00,0.00,0,180.00,0.00
2026-08-17 23:04:19.727 Serial -> -4.03,17.00,50.00,233.97,17.00,0,50.00,0.00,17.00,50.00,180.00,17.00,0,50.00
2026-08-17 23:04:19.729 Serial <- S: 1,-4.03,17.00,50.00,1,143.55,17.00,50.00,0,0.00,17.00,50.00,0,180.00,17.00,50.00
2026-08-17 23:04:19.744 Serial <- P: 1,1.59,-17.00,1,144.63,0.58,0,0.00,0.00,0,180.00,0.00
2026-08-17 23:04:19.838 Serial -> 6.36,17.00,50.00,287.12,17.00,0,50.00,0.00,17.00,50.00,180.00,17.00,0,50.00
2026-08-17 23:04:19.839 Serial <- S: 1,-4.03,17.00,50.00,1,287.10,17.00,50.00,0,0.00,17.00,50.00,0,180.00,17.00,50.00
2026-08-17 23:04:19.845 Serial <- P: 1,-0.14,-16.71,1,144.94,5.62,0,0.00,0.00,0,180.00,0.00
2026-08-17 23:04:19.945 Serial <- P: 1,-1.56,-11.67,1,145.75,10.66,0,0.00,0.00,0,180.00,0.00
2026-08-17 23:04:19.951 Serial -> 9.58,17.00,50.00,300.27,17.00,0,50.00,0.00,17.00,50.00,180.00,17.00,0,50.00
2026-08-17 23:04:19.953 Serial <- S: 1,-4.03,17.00,50.00,1,300.29,17.00,50.00,0,0.00,17.00,50.00,0,180.00,17.00,50.00
2026-08-17 23:04:20.047 Serial <- P: 1,-2.49,-6.61,1,147.06,15.72,0,0.00,0.00,0,180.00,0.00
2026-08-17 23:04:20.052 Serial -> 10.30,17.00,50.00,301.92,17.00,0,50.00,0.00,17.00,50.00,180.00,17.00,0,50.00
2026-08-17 23:04:20.053 Serial <- S: 1,-4.03,17.00,50.00,1,301.90,17.00,50.00,0,0.00,17.00,50.00,0,180.00,17.00,50.00
2026-08-17 23:04:20.148 Serial <- P: 1,-2.89,-1.57,1,148.77,17.00,0,0.00,0.00,0,180.00,0.00
2026-08-17 23:04:20.175 Serial -> 10.30,17.00,50.00,301.92,17.00,0,50.00,0.00,17.00,50.00,180.00,17.00,0,50.00
2026-08-17 23:04:20.175 Serial <- S: 1,-4.03,17.00,50.00,1,301.90,17.00,50.00,0,0.00,17.00,50.00,0,180.00,17.00,50.00
2026-08-17 23:04:20.248 Serial <- P: 1,-2.88,2.35,1,150.48,17.00,0,0.00,0.00,0,180.00,0.00
2026-08-17 23:04:20.274 Serial -> 10.30,17.00,50.00,301.92,17.00,0,50.00,0.00,17.00,50.00,180.00,17.00,0,50.00
2026-08-17 23:04:20.275 Serial <- S: 1,10.31,17.00,50.00,1,301.90,17.00,50.00,0,0.00,17.00,50.00,0,180.00,17.00,50.00
2026-08-17 23:04:20.349 Serial <- P: 1,-2.37,7.42,1,152.24,17.00,0,0.00,0.00,0,180.00,0.00
2026-08-17 23:04:20.390 Serial -> 10.30,17.00,50.00,301.92,17.00,0,50.00,0.00,17.00,50.00,180.00,17.00,0,50.00
2026-08-17 23:04:20.392 Serial <- S: 1,10.31,17.00,50.00,1,301.90,17.00,50.00,0,0.00,17.00,50.00,0,180.00,17.00,50.00
2026-08-17 23:04:20.450 Serial <- P: 1,-1.37,12.46,1,153.94,17.00,0,0.00,0.00,0,180.00,0.00
2026-08-17 23:04:20.489 Serial -> 10.30,17.00,50.00,301.92,17.00,0,50.00,0.00,17.00,50.00,180.00,17.00,0,50.00
2026-08-17 23:04:20.491 Serial <- S: 1,10.31,17.00,50.00,1,301.90,17.00,50.00,0,0.00,17.00,50.00,0,180.00,17.00,50.00
2026-08-17 23:04:20.551 Serial <- P: 1,0.14,17.00,1,155.65,17.00,0,0.00,0.00,0,180.00,0.00
2026-08-17 23:04:20.606 Serial -> 10.30,17.00,50.00,301.92,17.00,0,50.00,0.00,17.00,50.00,180.00,17.00,0,50.00
2026-08-17 23:04:20.608 Serial <- S: 1,10.31,17.00,50.00,1,301.90,17.00,50.00,0,0.00,17.00,50.00,0,180.00,17.00,50.00
2026-08-17 23:04:20.652 Serial <- P: 1,1.86,17.00,1,157.37,17.00,0,0.00,0.00,0,180.00,0.00
2026-08-17 23:04:20.712 Serial -> 10.30,17.00,50.00,301.92,17.00,0,50.00,0.00,17.00,50.00,180.00,17.00,0,50.00
2026-08-17 23:04:20.714 Serial <- S: 1,10.31,17.00,50.00,1,301.90,17.00,50.00,0,0.00,17.00,50.00,0,180.00,17.00,50.00
2026-08-17 23:04:20.753 Serial <- P: 1,3.57,17.00,1,159.07,17.00,0,0.00,0.00,0,180.00,0.00
2026-08-17 23:04:20.822 Serial -> 10.30,17.00,50.00,301.92,17.00,0,50.00,0.00,17.00,50.00,180.00,17.00,0,50.00
2026-08-17 23:04:20.824 Serial <- S: 1,10.31,17.00,50.00,1,301.90,17.00,50.00,0,0.00,17.00,50.00,0,180.00,17.00,50.00
2026-08-17 23:04:20.854 Serial <- P: 1,5.29,17.00,1,160.78,17.00,0,0.00,0.00,0,180.00,0.00
2026-08-17 23:04:20.930 Serial -> 10.30,17.00,50.00,301.92,17.00,0,50.00,0.00,17.00,50.00,180.00,17.00,0,50.00
2026-08-17 23:04:20.931 Serial <- S: 1,10.31,17.00,50.00,1,301.90,17.00,50.00,0,0.00,17.00,50.00,0,180.00,17.00,50.00
2026-08-17 23:04:20.955 Serial <- P: 1,7.00,17.00,1,162.50,17.00,0,0.00,0.00,0,180.00,0.00
2026-08-17 23:04:21.040 Serial -> 10.30,17.00,50.00,301.92,17.00,0,50.00,0.00,17.00,50.00,180.00,17.00,0,50.00
2026-08-17 23:04:21.042 Serial <- S: 1,10.31,17.00,50.00,1,301.90,17.00,50.00,0,0.00,17.00,50.00,0,180.00,17.00,50.00
2026-08-17 23:04:21.056 Serial <- P: 1,8.58,13.19,1,164.25,17.00,0,0.00,0.00,0,180.00,0.00
2026-08-17 23:04:21.149 Serial -> 10.30,17.00,50.00,301.92,17.00,0,50.00,0.00,17.00,50.00,180.00,17.00,0,50.00
2026-08-17 23:04:21.151 Serial <- S: 1,10.31,17.00,50.00,1,301.90,17.00,50.00,0,0.00,17.00,50.00,0,180.00,17.00,50.00
2026-08-17 23:04:21.157 Serial <- P: 1,9.65,8.15,1,165.96,17.00,0,0.00,0.00,0,180.00,0.00
2026-08-17 23:04:21.255 Serial -> 10.30,17.00,50.00,301.92,17.00,0,50.00,0.00,17.00,50.00,180.00,17.00,0,50.00
2026-08-17 23:04:21.256 Serial <- S: 1,10.31,17.00,50.00,1,301.90,17.00,50.00,0,0.00,17.00,50.00,0,180.00,17.00,50.00
2026-08-17 23:04:21.259 Serial <- P: 1,10.22,3.08,1,167.67,17.00,0,0.00,0.00,0,180.00,0.00
2026-08-17 23:04:21.359 Serial <- P: 0,10.31,0.00,1,169.38,17.00,0,0.00,0.00,0,180.00,0.00
2026-08-17 23:04:21.366 Serial -> 10.30,17.00,50.00,301.92,17.00,0,50.00,0.00,17.00,50.00,180.00,17.00,0,50.00
2026-08-17 23:04:21.367 Serial <- S: 0,10.31,17.00,50.00,1,301.90,17.00,50.00,0,0.00,17.00,50.00,0,180.00,17.00,50.00
2026-08-17 23:04:21.460 Serial <- P: 0,10.31,0.00,1,171.09,17.00,0,0.00,0.00,0,180.00,0.00
2026-08-17 23:04:21.479 Serial -> 10.30,17.00,50.00,301.92,17.00,0,50.00,0.00,17.00,50.00,180.00,17.00,0,50.00
2026-08-17 23:04:21.481 Serial <- S: 0,10.31,17.00,50.00,1,301.90,17.00,50.00,0,0.00,17.00,50.00,0,180.00,17.00,50.00
2026-08-17 23:04:21.561 Serial <- P: 0,10.31,0.00,1,172.80,17.00,0,0.00,0.00,0,180.00,0.00
2026-08-17 23:04:21.583 Serial -> 10.30,17.00,50.00,301.92,17.00,0,50.00,0.00,17.00,50.00,180.00,17.00,0,50.00
2026-08-17 23:04:21.584 Serial <- S: 0,10.31,17.00,50.00,1,301.90,17.00,50.00,0,0.00,17.00,50.00,0,180.00,17.00,50.00
2026-08-17 23:04:21.662 Serial <- P: 0,10.31,0.00,1,174.56,17.00,0,0.00,0.00,0,180.00,0.00
2026-08-17 23:04:21.696 Serial -> 10.30,17.00,50.00,301.92,17.00,0,50.00,10.30,17.00,50.00,301.92,17.00,0,50.00
2026-08-17 23:04:21.698 Serial <- S: 0,10.31,17.00,50.00,1,301.90,17.00,50.00,1,10.31,17.00,50.00,1,301.93,17.00,50.00
2026-08-17 23:04:21.763 Serial <- P: 0,10.31,0.00,1,176.26,17.00,1,0.10,3.31,1,180.09,3.31
2026-08-17 23:04:21.806 Serial -> 10.30,17.00,50.00,301.92,17.00,0,50.00,10.30,17.00,50.00,301.92,17.00,0,50.00
2026-08-17 23:04:21.808 Serial <- S: 0,10.31,17.00,50.00,1,301.90,17.00,50.00,1,10.31,17.00,50.00,1,301.93,17.00,50.00
2026-08-17 23:04:21.867 Serial <- P: 0,10.31,0.00,1,177.97,17.00,1,0.70,8.35,1,180.70,8.35
2026-08-17 23:04:21.915 Serial -> 10.30,17.00,50.00,301.92,17.00,0,50.00,10.30,17.00,50.00,301.92,17.00,0,50.00
2026-08-17 23:04:21.917 Serial <- S: 0,10.31,17.00,50.00,1,301.90,17.00,50.00,1,10.31,17.00,50.00,1,301.93,17.00,50.00
2026-08-17 23:04:21.966 Serial <- P: 0,10.31,0.00,1,179.68,17.00,1,1.79,13.39,1,181.80,13.42
2026-08-17 23:04:22.025 Serial -> 10.30,17.00,50.00,301.92,17.00,0,50.00,10.30,17.00,50.00,301.92,17.00,0,50.00
2026-08-17 23:04:22.027 Serial <- S: 0,10.31,17.00,50.00,1,301.90,17.00,50.00,1,10.31,17.00,50.00,1,301.93,17.00,50.00
2026-08-17 23:04:22.066 Serial <- P: 0,10.31,0.00,1,181.40,17.00,1,3.39,17.00,1,183.37,17.00
2026-08-17 23:04:22.131 Serial -> 10.30,17.00,50.00,301.92,17.00,0,50.00,10.30,17.00,50.00,301.92,17.00,0,50.00
2026-08-17 23:04:22.132 Serial <- S: 0,10.31,17.00,50.00,1,301.90,17.00,50.00,1,10.31,17.00,50.00,1,301.93,17.00,50.00
2026-08-17 23:04:22.167 Serial <- P: 0,10.31,0.00,1,183.10,17.00,1,5.10,17.00,1,185.09,17.00
2026-08-17 23:04:22.246 Serial -> 10.30,17.00,50.00,301.92,17.00,0,50.00,10.30,17.00,50.00,301.92,17.00,0,50.00
2026-08-17 23:04:22.248 Serial <- S: 0,10.31,17.00,50.00,1,301.90,17.00,50.00,1,10.31,17.00,50.00,1,301.93,17.00,50.00
2026-08-17 23:04:22.268 Serial <- P: 0,10.31,0.00,1,184.86,17.00,1,6.81,17.00,1,186.82,17.00
2026-08-17 23:04:22.354 Serial -> 10.30,17.00,50.00,301.92,17.00,0,50.00,10.30,17.00,50.00,301.92,17.00,0,50.00
2026-08-17 23:04:22.356 Serial <- S: 0,10.31,17.00,50.00,1,301.90,17.00,50.00,1,10.31,17.00,50.00,1,301.93,17.00,50.00
2026-08-17 23:04:22.369 Serial <- P: 0,10.31,0.00,1,186.57,17.00,1,8.43,13.75,1,188.53,17.00
2026-08-17 23:04:22.464 Serial -> 10.30,17.00,50.00,301.92,17.00,0,50.00,10.30,17.00,50.00,301.92,17.00,0,50.00
2026-08-17 23:04:22.465 Serial <- S: 0,10.31,17.00,50.00,1,301.90,17.00,50.00,1,10.31,17.00,50.00,1,301.93,17.00,50.00
2026-08-17 23:04:22.470 Serial <- P: 0,10.31,0.00,1,188.28,17.00,1,9.56,8.71,1,190.24,17.00
2026-08-17 23:04:22.571 Serial <- P: 0,10.31,0.00,1,189.99,17.00,1,10.18,3.65,1,191.97,17.00
2026-08-17 23:04:22.579 Serial -> 10.30,17.00,50.00,301.92,17.00,0,50.00,10.30,17.00,50.00,301.92,17.00,0,50.00
2026-08-17 23:04:22.581 Serial <- S: 0,10.31,17.00,50.00,1,301.90,17.00,50.00,1,10.31,17.00,50.00,1,301.93,17.00,50.00
2026-08-17 23:04:22.672 Serial <- P: 0,10.31,0.00,1,191.70,17.00,0,10.31,0.00,1,193.68,17.00
2026-08-17 23:04:22.680 Serial -> 10.30,17.00,50.00,301.92,17.00,0,50.00,10.30,17.00,50.00,301.92,17.00,0,50.00
2026-08-17 23:04:22.681 Serial <- S: 0,10.31,17.00,50.00,1,301.90,17.00,50.00,0,10.31,17.00,50.00,1,301.93,17.00,50.00
2026-08-17 23:04:22.773 Serial <- P: 0,10.31,0.00,1,193.41,17.00,0,10.31,0.00,1,195.39,17.00
2026-08-17 23:04:22.797 Serial -> 10.30,17.00,50.00,301.92,17.00,0,50.00,10.30,17.00,50.00,301.92,17.00,0,50.00
2026-08-17 23:04:22.801 Serial <- S: 0,10.31,17.00,50.00,1,301.90,17.00,50.00,0,10.31,17.00,50.00,1,301.93,17.00,50.00
2026-08-17 23:04:22.874 Serial <- P: 0,10.31,0.00,1,195.12,17.00,0,10.31,0.00,1,197.10,17.00
2026-08-17 23:04:22.900 Serial -> 10.30,17.00,50.00,301.92,17.00,0,50.00,10.30,17.00,50.00,301.92,17.00,0,50.00
2026-08-17 23:04:22.902 Serial <- S: 0,10.31,17.00,50.00,1,301.90,17.00,50.00,0,10.31,17.00,50.00,1,301.93,17.00,50.00
2026-08-17 23:04:22.975 Serial <- P: 0,10.31,0.00,1,196.87,17.00,0,10.31,0.00,1,198.83,17.00
2026-08-17 23:04:23.014 Serial -> 10.30,17.00,50.00,301.92,17.00,0,50.00,10.30,17.00,50.00,301.92,17.00,0,50.00
2026-08-17 23:04:23.016 Serial <- S: 0,10.31,17.00,50.00,1,301.90,17.00,50.00,0,10.31,17.00,50.00,1,301.93,17.00,50.00
2026-08-17 23:04:23.076 Serial <- P: 0,10.31,0.00,1,198.59,17.00,0,10.31,0.00,1,200.54,17.00
2026-08-17 23:04:23.119 Serial -> 10.30,17.00,50.00,301.92,17.00,0,50.00,10.30,17.00,50.00,301.92,17.00,0,50.00
2026-08-17 23:04:23.120 Serial <- S: 0,10.31,17.00,50.00,1,301.90,17.00,50.00,0,10.31,17.00,50.00,1,301.93,17.00,50.00
2026-08-17 23:04:23.177 Serial <- P: 0,10.31,0.00,1,200.29,17.00,0,10.31,0.00,1,202.25,17.00
2026-08-17 23:04:23.230 Serial -> 10.30,17.00,50.00,301.92,17.00,0,50.00,10.30,17.00,50.00,301.92,17.00,0,50.00
2026-08-17 23:04:23.232 Serial <- S: 0,10.31,17.00,50.00,1,301.90,17.00,50.00,0,10.31,17.00,50.00,1,301.93,17.00,50.00
2026-08-17 23:04:23.278 Serial <- P: 0,10.31,0.00,1,202.00,17.00,0,10.31,0.00,1,203.99,17.00
2026-08-17 23:04:23.347 Serial -> 10.30,17.00,50.00,301.92,17.00,0,50.00,10.30,17.00,50.00,301.92,17.00,0,50.00
2026-08-17 23:04:23.349 Serial <- S: 0,10.31,17.00,50.00,1,301.90,17.00,50.00,0,10.31,17.00,50.00,1,301.93,17.00,50.00
2026-08-17 23:04:23.379 Serial <- P: 0,10.31,0.00,1,203.71,17.00,0,10.31,0.00,1,205.69,17.00
2026-08-17 23:04:23.448 Serial -> 10.30,17.00,50.00,301.92,17.00,0,50.00,10.30,17.00,50.00,301.92,17.00,0,50.00
2026-08-17 23:04:23.451 Serial <- S: 0,10.31,17.00,50.00,1,301.90,17.00,50.00,0,10.31,17.00,50.00,1,301.93,17.00,50.00
2026-08-17 23:04:23.480 Serial <- P: 0,10.31,0.00,1,205.43,17.00,0,10.31,0.00,1,207.43,17.00
2026-08-17 23:04:23.558 Serial -> 10.30,17.00,50.00,301.92,17.00,0,50.00,10.30,17.00,50.00,301.92,17.00,0,50.00
2026-08-17 23:04:23.560 Serial <- S: 0,10.31,17.00,50.00,1,301.90,17.00,50.00,0,10.31,17.00,50.00,1,301.93,17.00,50.00
2026-08-17 23:04:23.581 Serial <- P: 0,10.31,0.00,1,207.13,17.00,0,10.31,0.00,1,209.14,17.00
2026-08-17 23:04:23.664 Serial -> 10.30,17.00,50.00,301.92,17.00,0,50.00,10.30,17.00,50.00,301.92,17.00,0,50.00
2026-08-17 23:04:23.666 Serial <- S: 0,10.31,17.00,50.00,1,301.90,17.00,50.00,0,10.31,17.00,50.00,1,301.93,17.00,50.00
2026-08-17 23:04:23.683 Serial <- P: 0,10.31,0.00,1,208.89,17.00,0,10.31,0.00,1,210.85,17.00
2026-08-17 23:04:23.780 Serial -> 10.30,17.00,50.00,301.92,17.00,0,50.00,10.30,17.00,50.00,301.92,17.00,0,50.00
2026-08-17 23:04:23.782 Serial <- S: 0,10.31,17.00,50.00,1,301.90,17.00,50.00,0,10.31,17.00,50.00,1,301.93,17.00,50.00
2026-08-17 23:04:23.784 Serial <- P: 0,10.31,0.00,1,210.60,17.00,0,10.31,0.00,1,212.56,17.00
2026-08-17 23:04:23.882 Serial -> 10.30,17.00,50.00,301.92,17.00,0,50.00,10.30,17.00,50.00,301.92,17.00,0,50.00
2026-08-17 23:04:23.884 Serial <- S: 0,10.31,17.00,50.00,1,301.90,17.00,50.00,0,10.31,17.00,50.00,1,301.93,17.00,50.00
2026-08-17 23:04:23.884 Serial <- P: 0,10.31,0.00,1,212.31,17.00,0,10.31,0.00,1,214.29,17.00
2026-08-17 23:04:23.987 Serial <- P: 0,10.31,0.00,1,214.02,17.00,0,10.31,0.00,1,216.00,17.00
2026-08-17 23:04:23.996 Serial -> 10.30,17.00,50.00,301.92,17.00,0,50.00,10.30,17.00,50.00,301.92,17.00,0,50.00
2026-08-17 23:04:23.997 Serial <- S: 0,10.31,17.00,50.00,1,301.90,17.00,50.00,0,10.31,17.00,50.00,1,301.93,17.00,50.00
2026-08-17 23:04:24.086 Serial <- P: 0,10.31,0.00,1,215.73,17.00,0,10.31,0.00,1,217.71,17.00
2026-08-17 23:04:24.113 Serial -> 10.30,17.00,50.00,301.92,17.00,0,50.00,10.30,17.00,50.00,301.92,17.00,0,50.00
2026-08-17 23:04:24.114 Serial <- S: 0,10.31,17.00,50.00,1,301.90,17.00,50.00,0,10.31,17.00,50.00,1,301.93,17.00,50.00
2026-08-17 23:04:24.188 Serial <- P: 0,10.31,0.00,1,217.49,17.00,0,10.31,0.00,1,219.44,17.00
2026-08-17 23:04:24.215 Serial -> 10.30,17.00,50.00,301.92,17.00,0,50.00,10.30,17.00,50.00,301.92,17.00,0,50.00
2026-08-17 23:04:24.217 Serial <- S: 0,10.31,17.00,50.00,1,301.90,17.00,50.00,0,10.31,17.00,50.00,1,301.93,17.00,50.00
2026-08-17 23:04:24.288 Serial <- P: 0,10.31,0.00,1,219.19,17.00,0,10.31,0.00,1,221.15,17.00
2026-08-17 23:04:24.321 Serial -> 10.30,17.00,50.00,301.92,17.00,0,50.00,10.30,17.00,50.00,301.92,17.00,0,50.00
2026-08-17 23:04:24.322 Serial <- S: 0,10.31,17.00,50.00,1,301.90,17.00,50.00,0,10.31,17.00,50.00,1,301.93,17.00,50.00
2026-08-17 23:04:24.389 Serial <- P: 0,10.31,0.00,1,220.90,17.00,0,10.31,0.00,1,222.86,17.00
2026-08-17 23:04:24.435 Serial -> 10.30,17.00,50.00,301.92,17.00,0,50.00,10.30,17.00,50.00,301.92,17.00,0,50.00
2026-08-17 23:04:24.436 Serial <- S: 0,10.31,17.00,50.00,1,301.90,17.00,50.00,0,10.31,17.00,50.00,1,301.93,17.00,50.00
2026-08-17 23:04:24.497 Serial <- P: 0,10.31,0.00,1,222.62,17.00,0,10.31,0.00,1,224.59,17.00
2026-08-17 23:04:24.548 Serial -> 10.30,17.00,50.00,301.92,17.00,0,50.00,10.30,17.00,50.00,301.92,17.00,0,50.00
2026-08-17 23:04:24.550 Serial <- S: 0,10.31,17.00,50.00,1,301.90,17.00,50.00,0,10.31,17.00,50.00,1,301.93,17.00,50.00
2026-08-17 23:04:24.591 Serial <- P: 0,10.31,0.00,1,224.32,17.00,0,10.31,0.00,1,226.31,17.00
2026-08-17 23:04:24.647 Serial -> 10.30,17.00,50.00,301.92,17.00,0,50.00,10.30,17.00,50.00,301.92,17.00,0,50.00
2026-08-17 23:04:24.648 Serial <- S: 0,10.31,17.00,50.00,1,301.90,17.00,50.00,0,10.31,17.00,50.00,1,301.93,17.00,50.00
2026-08-17 23:04:24.692 Serial <- P: 0,10.31,0.00,1,226.03,17.00,0,10.31,0.00,1,228.01,17.00
2026-08-17 23:04:24.764 Serial -> 10.30,17.00,50.00,301.92,17.00,0,50.00,10.30,17.00,50.00,301.92,17.00,0,50.00
2026-08-17 23:04:24.766 Serial <- S: 0,10.31,17.00,50.00,1,301.90,17.00,50.00,0,10.31,17.00,50.00,1,301.93,17.00,50.00
2026-08-17 23:04:24.793 Serial <- P: 0,10.31,0.00,1,227.75,17.00,0,10.31,0.00,1,229.72,17.00
2026-08-17 23:04:24.873 Serial -> 10.30,17.00,50.00,301.92,17.00,0,50.00,10.30,17.00,50.00,301.92,17.00,0,50.00
2026-08-17 23:04:24.875 Serial <- S: 0,10.31,17.00,50.00,1,301.90,17.00,50.00,0,10.31,17.00,50.00,1,301.93,17.00,50.00
2026-08-17 23:04:24.894 Serial <- P: 0,10.31,0.00,1,229.50,17.00,0,10.31,0.00,1,231.46,17.00
2026-08-17 23:04:24.982 Serial -> 10.30,17.00,50.00,301.92,17.00,0,50.00,10.30,17.00,50.00,301.92,17.00,0,50.00
2026-08-17 23:04:24.984 Serial <- S: 0,10.31,17.00,50.00,1,301.90,17.00,50.00,0,10.31,17.00,50.00,1,301.93,17.00,50.00
2026-08-17 23:04:24.995 Serial <- P: 0,10.31,0.00,1,231.21,17.00,0,10.31,0.00,1,233.17,17.00
2026-08-17 23:04:25.082 Serial -> 10.30,17.00,50.00,301.92,17.00,0,50.00,10.30,17.00,50.00,301.92,17.00,0,50.00
2026-08-17 23:04:25.084 Serial <- S: 0,10.31,17.00,50.00,1,301.90,17.00,50.00,0,10.31,17.00,50.00,1,301.93,17.00,50.00
2026-08-17 23:04:25.096 Serial <- P: 0,10.31,0.00,1,232.92,17.00,0,10.31,0.00,1,234.88,17.00
2026-08-17 23:04:25.197 Serial -> 10.30,17.00,50.00,301.92,17.00,0,50.00,10.30,17.00,50.00,301.92,17.00,0,50.00
2026-08-17 23:04:25.197 Serial <- P: 0,10.31,0.00,1,234.63,17.00,0,10.31,0.00,1,236.61,17.00
2026-08-17 23:04:25.199 Serial <- S: 0,10.31,17.00,50.00,1,301.90,17.00,50.00,0,10.31,17.00,50.00,1,301.93,17.00,50.00
2026-08-17 23:04:25.298 Serial <- P: 0,10.31,0.00,1,236.34,17.00,0,10.31,0.00,1,238.32,17.00
2026-08-17 23:04:25.304 Serial -> 10.30,17.00,50.00,301.92,17.00,0,50.00,10.30,17.00,50.00,301.92,17.00,0,50.00
2026-08-17 23:04:25.306 Serial <- S: 0,10.31,17.00,50.00,1,301.90,17.00,50.00,0,10.31,17.00,50.00,1,301.93,17.00,50.00
2026-08-17 23:04:25.399 Serial <- P: 0,10.31,0.00,1,238.05,17.00,0,10.31,0.00,1,240.03,17.00
2026-08-17 23:04:25.412 Serial -> 10.30,17.00,50.00,301.92,17.00,0,50.00,10.30,17.00,50.00,301.92,17.00,0,50.00
2026-08-17 23:04:25.414 Serial <- S: 0,10.31,17.00,50.00,1,301.90,17.00,50.00,0,10.31,17.00,50.00,1,301.93,17.00,50.00
2026-08-17 23:04:25.504 Serial <- P: 0,10.31,0.00,1,239.76,17.00,0,10.31,0.00,1,241.76,17.00
2026-08-17 23:04:25.531 Serial -> 10.30,17.00,50.00,301.92,17.00,0,50.00,10.30,17.00,50.00,301.92,17.00,0,50.00
2026-08-17 23:04:25.533 Serial <- S: 0,10.31,17.00,50.00,1,301.90,17.00,50.00,0,10.31,17.00,50.00,1,301.93,17.00,50.00
2026-08-17 23:04:25.603 Serial <- P: 0,10.31,0.00,1,241.51,17.00,0,10.31,0.00,1,243.47,17.00
2026-08-17 23:04:25.632 Serial -> 10.30,17.00,50.00,301.92,17.00,0,50.00,10.30,17.00,50.00,301.92,17.00,0,50.00
2026-08-17 23:04:25.634 Serial <- S: 0,10.31,17.00,50.00,1,301.90,17.00,50.00,0,10.31,17.00,50.00,1,301.93,17.00,50.00
2026-08-17 23:04:25.702 Serial <- P: 0,10.31,0.00,1,243.22,17.00,0,10.31,0.00,1,245.18,17.00
2026-08-17 23:04:25.742 Serial -> 10.30,17.00,50.00,301.92,17.00,0,50.00,10.30,17.00,50.00,301.92,17.00,0,50.00
2026-08-17 23:04:25.744 Serial <- S: 0,10.31,17.00,50.00,1,301.90,17.00,50.00,0,10.31,17.00,50.00,1,301.93,17.00,50.00
2026-08-17 23:04:25.808 Serial <- P: 0,10.31,0.00,1,244.93,17.00,0,10.31,0.00,1,246.89,17.00
2026-08-17 23:04:25.864 Serial -> 10.30,17.00,50.00,301.92,17.00,0,50.00,10.30,17.00,50.00,301.92,17.00,0,50.00
2026-08-17 23:04:25.866 Serial <- S: 0,10.31,17.00,50.00,1,301.90,17.00,50.00,0,10.31,17.00,50.00,1,301.93,17.00,50.00
2026-08-17 23:04:25.904 Serial <- P: 0,10.31,0.00,1,246.65,17.00,0,10.31,0.00,1,248.62,17.00
2026-08-17 23:04:25.982 Serial -> 10.30,17.00,50.00,301.92,17.00,0,50.00,10.30,17.00,50.00,301.92,17.00,0,50.00
2026-08-17 23:04:25.984 Serial <- S: 0,10.31,17.00,50.00,1,301.90,17.00,50.00,0,10.31,17.00,50.00,1,301.93,17.00,50.00
2026-08-17 23:04:26.005 Serial <- P: 0,10.31,0.00,1,248.35,17.00,0,10.31,0.00,1,250.34,17.00
2026-08-17 23:04:26.098 Serial -> 10.30,17.00,50.00,301.92,17.00,0,50.00,10.30,17.00,50.00,301.92,17.00,0,50.00
2026-08-17 23:04:26.099 Serial <- S: 0,10.31,17.00,50.00,1,301.90,17.00,50.00,0,10.31,17.00,50.00,1,301.93,17.00,50.00
2026-08-17 23:04:26.106 Serial <- P: 0,10.31,0.00,1,250.06,17.00,0,10.31,0.00,1,252.07,17.00
2026-08-17 23:04:26.207 Serial <- P: 0,10.31,0.00,1,251.82,17.00,0,10.31,0.00,1,253.78,17.00
2026-08-17 23:04:26.214 Serial -> 10.30,17.00,50.00,301.92,17.00,0,50.00,10.30,17.00,50.00,301.92,17.00,0,50.00
2026-08-17 23:04:26.217 Serial <- S: 0,10.31,17.00,50.00,1,301.90,17.00,50.00,0,10.31,17.00,50.00,1,301.93,17.00,50.00
2026-08-17 23:04:26.308 Serial <- P: 0,10.31,0.00,1,253.53,17.00,0,10.31,0.00,1,255.49,17.00
2026-08-17 23:04:26.320 Serial -> 10.30,17.00,50.00,301.92,17.00,0,50.00,10.30,17.00,50.00,301.92,17.00,0,50.00
2026-08-17 23:04:26.322 Serial <- S: 0,10.31,17.00,50.00,1,301.90,17.00,50.00,0,10.31,17.00,50.00,1,301.93,17.00,50.00
2026-08-17 23:04:26.409 Serial <- P: 0,10.31,0.00,1,255.24,17.00,0,10.31,0.00,1,257.22,17.00
2026-08-17 23:04:26.431 Serial -> 10.30,17.00,50.00,301.92,17.00,0,50.00,10.30,17.00,50.00,301.92,17.00,0,50.00
2026-08-17 23:04:26.433 Serial <- S: 0,10.31,17.00,50.00,1,301.90,17.00,50.00,0,10.31,17.00,50.00,1,301.93,17.00,50.00
2026-08-17 23:04:26.510 Serial <- P: 0,10.31,0.00,1,256.95,17.00,0,10.31,0.00,1,258.93,17.00
2026-08-17 23:04:26.547 Serial -> 10.30,17.00,50.00,301.92,17.00,0,50.00,10.30,17.00,50.00,301.92,17.00,0,50.00
2026-08-17 23:04:26.549 Serial <- S: 0,10.31,17.00,50.00,1,301.90,17.00,50.00,0,10.31,17.00,50.00,1,301.93,17.00,50.00
2026-08-17 23:04:26.611 Serial <- P: 0,10.31,0.00,1,258.66,17.00,0,10.31,0.00,1,260.64,17.00
2026-08-17 23:04:26.648 Serial -> 10.30,17.00,50.00,301.92,17.00,0,50.00,10.30,17.00,50.00,301.92,17.00,0,50.00
2026-08-17 23:04:26.650 Serial <- S: 0,10.31,17.00,50.00,1,301.90,17.00,50.00,0,10.31,17.00,50.00,1,301.93,17.00,50.00
2026-08-17 23:04:26.712 Serial <- P: 0,10.31,0.00,1,260.37,17.00,0,10.31,0.00,1,262.35,17.00
2026-08-17 23:04:26.754 Serial -> 10.30,17.00,50.00,301.92,17.00,0,50.00,10.30,17.00,50.00,301.92,17.00,0,50.00
2026-08-17 23:04:26.756 Serial <- S: 0,10.31,17.00,50.00,1,301.90,17.00,50.00,0,10.31,17.00,50.00,1,301.93,17.00,50.00
2026-08-17 23:04:26.813 Serial <- P: 0,10.31,0.00,1,262.12,17.00,0,10.31,0.00,1,264.08,17.00
2026-08-17 23:04:26.874 Serial -> 10.30,17.00,50.00,301.92,17.00,0,50.00,10.30,17.00,50.00,301.92,17.00,0,50.00
2026-08-17 23:04:26.875 Serial <- S: 0,10.31,17.00,50.00,1,301.90,17.00,50.00,0,10.31,17.00,50.00,1,301.93,17.00,50.00
2026-08-17 23:04:26.914 Serial <- P: 0,10.31,0.00,1,263.83,17.00,0,10.31,0.00,1,265.79,17.00
2026-08-17 23:04:26.981 Serial -> 10.30,17.00,50.00,301.92,17.00,0,50.00,10.30,17.00,50.00,301.92,17.00,0,50.00
2026-08-17 23:04:26.983 Serial <- S: 0,10.31,17.00,50.00,1,301.90,17.00,50.00,0,10.31,17.00,50.00,1,301.93,17.00,50.00
2026-08-17 23:04:27.015 Serial <- P: 0,10.31,0.00,1,265.55,17.00,0,10.31,0.00,1,267.50,17.00
2026-08-17 23:04:27.087 Serial -> 10.30,17.00,50.00,301.92,17.00,0,50.00,10.30,17.00,50.00,301.92,17.00,0,50.00
2026-08-17 23:04:27.088 Serial <- S: 0,10.31,17.00,50.00,1,301.90,17.00,50.00,0,10.31,17.00,50.00,1,301.93,17.00,50.00
2026-08-17 23:04:27.116 Serial <- P: 0,10.31,0.00,1,267.25,17.00,0,10.31,0.00,1,269.24,17.00
2026-08-17 23:04:27.194 Serial -> 10.30,17.00,50.00,301.92,17.00,0,50.00,10.30,17.00,50.00,301.92,17.00,0,50.00
2026-08-17 23:04:27.195 Serial <- S: 0,10.31,17.00,50.00,1,301.90,17.00,50.00,0,10.31,17.00,50.00,1,301.93,17.00,50.00
2026-08-17 23:04:27.217 Serial <- P: 0,10.31,0.00,1,268.96,17.00,0,10.31,0.00,1,270.94,17.00
2026-08-17 23:04:27.315 Serial -> 10.30,17.00,50.00,301.92,17.00,0,50.00,10.30,17.00,50.00,301.92,17.00,0,50.00
2026-08-17 23:04:27.318 Serial <- S: 0,10.31,17.00,50.00,1,301.90,17.00,50.00,0,10.31,17.00,50.00,1,301.93,17.00,50.00
2026-08-17 23:04:27.322 Serial <- P: 0,10.31,0.00,1,270.68,17.00,0,10.31,0.00,1,272.65,17.00
2026-08-17 23:04:27.419 Serial <- P: 0,10.31,0.00,1,272.38,17.00,0,10.31,0.00,1,274.39,17.00
2026-08-17 23:04:27.421 Serial -> 10.30,17.00,50.00,301.92,17.00,0,50.00,10.30,17.00,50.00,301.92,17.00,0,50.00
2026-08-17 23:04:27.423 Serial <- S: 0,10.31,17.00,50.00,1,301.90,17.00,50.00,0,10.31,17.00,50.00,1,301.93,17.00,50.00
2026-08-17 23:04:27.520 Serial <- P: 0,10.31,0.00,1,274.14,17.00,0,10.31,0.00,1,276.10,17.00
2026-08-17 23:04:27.532 Serial -> 10.30,17.00,50.00,301.92,17.00,0,50.00,10.30,17.00,50.00,301.92,17.00,0,50.00
2026-08-17 23:04:27.533 Serial <- S: 0,10.31,17.00,50.00,1,301.90,17.00,50.00,0,10.31,17.00,50.00,1,301.93,17.00,50.00
2026-08-17 23:04:27.621 Serial <- P: 0,10.31,0.00,1,275.85,17.00,0,10.31,0.00,1,277.81,17.00
2026-08-17 23:04:27.632 Serial -> 10.30,17.00,50.00,301.92,17.00,0,50.00,10.30,17.00,50.00,301.92,17.00,0,50.00
2026-08-17 23:04:27.633 Serial <- S: 0,10.31,17.00,50.00,1,301.90,17.00,50.00,0,10.31,17.00,50.00,1,301.93,17.00,50.00
2026-08-17 23:04:27.722 Serial <- P: 0,10.31,0.00,1,277.56,17.00,0,10.31,0.00,1,279.52,17.00
2026-08-17 23:04:27.747 Serial -> 10.30,17.00,50.00,301.92,17.00,0,50.00,10.30,17.00,50.00,301.92,17.00,0,50.00
2026-08-17 23:04:27.750 Serial <- S: 0,10.31,17.00,50.00,1,301.90,17.00,50.00,0,10.31,17.00,50.00,1,301.93,17.00,50.00
2026-08-17 23:04:27.823 Serial <- P: 0,10.31,0.00,1,279.27,17.00,0,10.31,0.00,1,281.25,17.00
2026-08-17 23:04:27.864 Serial -> 10.30,17.00,50.00,301.92,17.00,0,50.00,10.30,17.00,50.00,301.92,17.00,0,50.00
2026-08-17 23:04:27.867 Serial <- S: 0,10.31,17.00,50.00,1,301.90,17.00,50.00,0,10.31,17.00,50.00,1,301.93,17.00,50.00
2026-08-17 23:04:27.924 Serial <- P: 0,10.31,0.00,1,280.98,17.00,0,10.31,0.00,1,282.96,17.00
2026-08-17 23:04:27.975 Serial -> 10.30,17.00,50.00,301.92,17.00,0,50.00,10.30,17.00,50.00,301.92,17.00,0,50.00
2026-08-17 23:04:27.976 Serial <- S: 0,10.31,17.00,50.00,1,301.90,17.00,50.00,0,10.31,17.00,50.00,1,301.93,17.00,50.00
2026-08-17 23:04:28.025 Serial <- P: 0,10.31,0.00,1,282.69,17.00,0,10.31,0.00,1,284.67,17.00
2026-08-17 23:04:28.096 Serial -> 10.30,17.00,50.00,301.92,17.00,0,50.00,10.30,17.00,50.00,301.92,17.00,0,50.00
2026-08-17 23:04:28.098 Serial <- S: 0,10.31,17.00,50.00,1,301.90,17.00,50.00,0,10.31,17.00,50.00,1,301.93,17.00,50.00
2026-08-17 23:04:28.126 Serial <- P: 0,10.31,0.00,1,284.44,17.00,0,10.31,0.00,1,286.40,17.00
2026-08-17 23:04:28.207 Serial -> 10.30,17.00,50.00,301.92,17.00,0,50.00,10.30,17.00,50.00,301.92,17.00,0,50.00
2026-08-17 23:04:28.208 Serial <- S: 0,10.31,17.00,50.00,1,301.90,17.00,50.00,0,10.31,17.00,50.00,1,301.93,17.00,50.00
2026-08-17 23:04:28.228 Serial <- P: 0,10.31,0.00,1,286.15,17.00,0,10.31,0.00,1,288.11,17.00
2026-08-17 23:04:28.315 Serial -> 10.30,17.00,50.00,301.92,17.00,0,50.00,10.30,17.00,50.00,301.92,17.00,0,50.00
2026-08-17 23:04:28.318 Serial <- S: 0,10.31,17.00,50.00,1,301.90,17.00,50.00,0,10.31,17.00,50.00,1,301.93,17.00,50.00
2026-08-17 23:04:28.329 Serial <- P: 0,10.31,0.00,1,287.87,17.00,0,10.31,0.00,1,289.82,17.00
2026-08-17 23:04:28.416 Serial -> 10.30,17.00,50.00,301.92,17.00,0,50.00,10.30,17.00,50.00,301.92,17.00,0,50.00
2026-08-17 23:04:28.417 Serial <- S: 0,10.31,17.00,50.00,1,301.90,17.00,50.00,0,10.31,17.00,50.00,1,301.93,17.00,50.00
2026-08-17 23:04:28.434 Serial <- P: 0,10.31,0.00,1,289.57,17.00,0,10.31,0.00,1,291.56,17.00
2026-08-17 23:04:28.525 Serial -> 10.30,17.00,50.00,301.92,17.00,0,50.00,10.30,17.00,50.00,301.92,17.00,0,50.00
2026-08-17 23:04:28.527 Serial <- S: 0,10.31,17.00,50.00,1,301.90,17.00,50.00,0,10.31,17.00,50.00,1,301.93,17.00,50.00
2026-08-17 23:04:28.530 Serial <- P: 0,10.31,0.00,1,291.29,17.00,0,10.31,0.00,1,293.26,17.00
2026-08-17 23:04:28.631 Serial -> 10.30,17.00,50.00,301.92,17.00,0,50.00,10.30,17.00,50.00,301.92,17.00,0,50.00
2026-08-17 23:04:28.631 Serial <- P: 0,10.31,0.00,1,293.00,17.00,0,10.31,0.00,1,294.98,17.00
2026-08-17 23:04:28.633 Serial <- S: 0,10.31,17.00,50.00,1,301.90,17.00,50.00,0,10.31,17.00,50.00,1,301.93,17.00,50.00
2026-08-17 23:04:28.732 Serial <- P: 0,10.31,0.00,1,294.75,17.00,0,10.31,0.00,1,296.68,17.00
2026-08-17 23:04:28.748 Serial -> 10.30,17.00,50.00,301.92,17.00,0,50.00,10.30,17.00,50.00,301.92,17.00,0,50.00
2026-08-17 23:04:28.751 Serial <- S: 0,10.31,17.00,50.00,1,301.90,17.00,50.00,0,10.31,17.00,50.00,1,301.93,17.00,50.00
2026-08-17 23:04:28.833 Serial <- P: 0,10.31,0.00,1,296.46,17.00,0,10.31,0.00,1,298.42,17.00
2026-08-17 23:04:28.849 Serial -> 10.30,17.00,50.00,301.92,17.00,0,50.00,10.30,17.00,50.00,301.92,17.00,0,50.00
2026-08-17 23:04:28.850 Serial <- S: 0,10.31,17.00,50.00,1,301.90,17.00,50.00,0,10.31,17.00,50.00,1,301.93,17.00,50.00
2026-08-17 23:04:28.934 Serial <- P: 0,10.31,0.00,1,298.17,17.00,0,10.31,0.00,1,300.04,13.84
2026-08-17 23:04:28.963 Serial -> 10.30,17.00,50.00,301.92,17.00,0,50.00,10.30,17.00,50.00,301.92,17.00,0,50.00
2026-08-17 23:04:28.965 Serial <- S: 0,10.31,17.00,50.00,1,301.90,17.00,50.00,0,10.31,17.00,50.00,1,301.93,17.00,50.00
2026-08-17 23:04:29.035 Serial <- P: 0,10.31,0.00,1,299.83,14.55,0,10.31,0.00,1,301.18,8.78
2026-08-17 23:04:29.067 Serial -> 10.30,17.00,50.00,301.92,17.00,0,50.00,10.30,17.00,50.00,301.92,17.00,0,50.00
2026-08-17 23:04:29.068 Serial <- S: 0,10.31,17.00,50.00,1,301.90,17.00,50.00,0,10.31,17.00,50.00,1,301.93,17.00,50.00
2026-08-17 23:04:29.136 Serial <- P: 0,10.31,0.00,1,301.05,9.51,0,10.31,0.00,1,301.81,3.74
2026-08-17 23:04:29.179 Serial -> 10.30,17.00,50.00,301.92,17.00,0,50.00,10.30,17.00,50.00,301.92,17.00,0,50.00
2026-08-17 23:04:29.181 Serial <- S: 0,10.31,17.00,50.00,1,301.90,17.00,50.00,0,10.31,17.00,50.00,0,301.93,17.00,50.00
2026-08-17 23:04:29.237 Serial <- P: 0,10.31,0.00,1,301.73,4.44,0,10.31,0.00,0,301.93,0.00
2026-08-17 23:04:29.299 Serial -> 10.30,17.00,50.00,301.92,17.00,0,50.00,10.30,17.00,50.00,301.92,17.00,0,50.00
2026-08-17 23:04:29.300 Serial <- S: 0,10.31,17.00,50.00,0,301.90,17.00,50.00,0,10.31,17.00,50.00,0,301.93,17.00,50.00
2026-08-17 23:04:29.338 Serial <- P: 0,10.31,0.00,0,301.90,0.00,0,10.31,0.00,0,301.93,0.00
2026-08-17 23:04:29.396 Serial -> 10.30,17.00,50.00,301.92,17.00,0,50.00,10.30,17.00,50.00,301.92,17.00,0,50.00
2026-08-17 23:04:29.398 Serial <- S: 0,10.31,17.00,50.00,0,301.90,17.00,50.00,0,10.31,17.00,50.00,0,301.93,17.00,50.00
2026-08-17 23:04:29.439 Serial <- P: 0,10.31,0.00,0,301.90,0.00,0,10.31,0.00,0,301.93,0.00
2026-08-17 23:04:29.508 Serial -> 10.30,17.00,50.00,301.92,17.00,0,50.00,10.30,17.00,50.00,301.92,17.00,0,50.00
2026-08-17 23:04:29.509 Serial <- S: 0,10.31,17.00,50.00,0,301.90,17.00,50.00,0,10.31,17.00,50.00,0,301.93,17.00,50.00
2026-08-17 23:04:29.540 Serial <- P: 0,10.31,0.00,0,301.90,0.00,0,10.31,0.00,0,301.93,0.00
2026-08-17 23:04:29.614 Serial -> 10.30,17.00,50.00,301.92,17.00,0,50.00,10.30,17.00,50.00,301.92,17.00,0,50.00
2026-08-17 23:04:29.617 Serial <- S: 0,10.31,17.00,50.00,0,301.90,17.00,50.00,0,10.31,17.00,50.00,0,301.93,17.00,50.00
2026-08-17 23:04:29.641 Serial <- P: 0,10.31,0.00,0,301.90,0.00,0,10.31,0.00,0,301.93,0.00
2026-08-17 23:04:29.733 Serial -> 10.30,17.00,50.00,301.92,17.00,0,50.00,10.30,17.00,50.00,301.92,17.00,0,50.00
2026-08-17 23:04:29.734 Serial <- S: 0,10.31,17.00,50.00,0,301.90,17.00,50.00,0,10.31,17.00,50.00,0,301.93,17.00,50.00
2026-08-17 23:04:29.742 Serial <- P: 0,10.31,0.00,0,301.90,0.00,0,10.31,0.00,0,301.93,0.00
2026-08-17 23:04:29.843 Serial <- P: 0,10.31,0.00,0,301.90,0.00,0,10.31,0.00,0,301.93,0.00
2026-08-17 23:04:29.847 Serial -> 10.30,17.00,50.00,301.92,17.00,0,50.00,10.30,17.00,50.00,301.92,17.00,0,50.00
2026-08-17 23:04:29.849 Serial <- S: 0,10.31,17.00,50.00,0,301.90,17.00,50.00,0,10.31,17.00,50.00,0,301.93,17.00,50.00
2026-08-17 23:04:29.944 Serial <- P: 0,10.31,0.00,0,301.90,0.00,0,10.31,0.00,0,301.93,0.00
2026-08-17 23:04:29.945 Serial -> 10.30,17.00,50.00,301.92,17.00,0,50.00,10.30,17.00,50.00,301.92,17.00,0,50.00
2026-08-17 23:04:29.947 Serial <- S: 0,10.31,17.00,50.00,0,301.90,17.00,50.00,0,10.31,17.00,50.00,0,301.93,17.00,50.00
2026-08-17 23:04:30.045 Serial <- P: 0,10.31,0.00,0,301.90,0.00,0,10.31,0.00,0,301.93,0.00
2026-08-17 23:04:30.066 Serial -> 10.30,17.00,50.00,301.92,17.00,0,50.00,10.30,17.00,50.00,301.92,17.00,0,50.00
2026-08-17 23:04:30.069 Serial <- S: 0,10.31,17.00,50.00,0,301.90,17.00,50.00,0,10.31,17.00,50.00,0,301.93,17.00,50.00
2026-08-17 23:04:30.146 Serial <- P: 0,10.31,0.00,0,301.90,0.00,0,10.31,0.00,0,301.93,0.00
2026-08-17 23:04:30.165 Serial -> 10.30,17.00,50.00,301.92,17.00,0,50.00,10.30,17.00,50.00,301.92,17.00,0,50.00
2026-08-17 23:04:30.166 Serial <- S: 0,10.31,17.00,50.00,0,301.90,17.00,50.00,0,10.31,17.00,50.00,0,301.93,17.00,50.00
2026-08-17 23:04:30.249 Serial <- P: 0,10.31,0.00,0,301.90,0.00,0,10.31,0.00,0,301.93,0.00
2026-08-17 23:04:30.281 Serial -> 10.30,17.00,50.00,301.92,17.00,0,50.00,10.30,17.00,50.00,301.92,17.00,0,50.00
2026-08-17 23:04:30.283 Serial <- S: 0,10.31,17.00,50.00,0,301.90,17.00,50.00,0,10.31,17.00,50.00,0,301.93,17.00,50.00
2026-08-17 23:04:30.348 Serial <- P: 0,10.31,0.00,0,301.90,0.00,0,10.31,0.00,0,301.93,0.00
2026-08-17 23:04:30.384 Serial -> 10.30,17.00,50.00,301.92,17.00,0,50.00,10.30,17.00,50.00,301.92,17.00,0,50.00
2026-08-17 23:04:30.385 Serial <- S: 0,10.31,17.00,50.00,0,301.90,17.00,50.00,0,10.31,17.00,50.00,0,301.93,17.00,50.00
2026-08-17 23:04:30.449 Serial <- P: 0,10.31,0.00,0,301.90,0.00,0,10.31,0.00,0,301.93,0.00
2026-08-17 23:04:30.493 Serial -> 10.30,17.00,50.00,301.92,17.00,0,50.00,10.30,17.00,50.00,301.92,17.00,0,50.00
2026-08-17 23:04:30.497 Serial <- S: 0,10.31,17.00,50.00,0,301.90,17.00,50.00,0,10.31,17.00,50.00,0,301.93,17.00,50.00
2026-08-17 23:04:30.550 Serial <- P: 0,10.31,0.00,0,301.90,0.00,0,10.31,0.00,0,301.93,0.00
2026-08-17 23:04:30.600 Serial -> 10.30,17.00,50.00,301.92,17.00,0,50.00,10.30,17.00,50.00,301.92,17.00,0,50.00
2026-08-17 23:04:30.601 Serial <- S: 0,10.31,17.00,50.00,0,301.90,17.00,50.00,0,10.31,17.00,50.00,0,301.93,17.00,50.00
2026-08-17 23:04:30.651 Serial <- P: 0,10.31,0.00,0,301.90,0.00,0,10.31,0.00,0,301.93,0.00
2026-08-17 23:04:30.711 Serial -> 10.30,17.00,50.00,301.92,17.00,0,50.00,10.30,17.00,50.00,301.92,17.00,0,50.00
2026-08-17 23:04:30.712 Serial <- S: 0,10.31,17.00,50.00,0,301.90,17.00,50.00,0,10.31,17.00,50.00,0,301.93,17.00,50.00
2026-08-17 23:04:30.752 Serial <- P: 0,10.31,0.00,0,301.90,0.00,0,10.31,0.00,0,301.93,0.00
2026-08-17 23:04:30.821 Serial -> 10.30,17.00,50.00,301.92,17.00,0,50.00,10.30,17.00,50.00,301.92,17.00,0,50.00
2026-08-17 23:04:30.823 Serial <- S: 0,10.31,17.00,50.00,0,301.90,17.00,50.00,0,10.31,17.00,50.00,0,301.93,17.00,50.00
2026-08-17 23:04:30.853 Serial <- P: 0,10.31,0.00,0,301.90,0.00,0,10.31,0.00,0,301.93,0.00
2026-08-17 23:04:30.930 Serial -> 10.30,17.00,50.00,301.92,17.00,0,50.00,10.30,17.00,50.00,301.92,17.00,0,50.00
2026-08-17 23:04:30.932 Serial <- S: 0,10.31,17.00,50.00,0,301.90,17.00,50.00,0,10.31,17.00,50.00,0,301.93,17.00,50.00
2026-08-17 23:04:30.954 Serial <- P: 0,10.31,0.00,0,301.90,0.00,0,10.31,0.00,0,301.93,0.00
2026-08-17 23:04:31.048 Serial -> 10.30,17.00,50.00,301.92,17.00,0,50.00,10.30,17.00,50.00,301.92,17.00,0,50.00
2026-08-17 23:04:31.050 Serial <- S: 0,10.31,17.00,50.00,0,301.90,17.00,50.00,0,10.31,17.00,50.00,0,301.93,17.00,50.00
2026-08-17 23:04:31.058 Serial <- P: 0,10.31,0.00,0,301.90,0.00,0,10.31,0.00,0,301.93,0.00
2026-08-17 23:04:31.157 Serial -> 10.30,17.00,50.00,301.92,17.00,0,50.00,10.30,17.00,50.00,301.92,17.00,0,50.00
2026-08-17 23:04:31.157 Serial <- P: 0,10.31,0.00,0,301.90,0.00,0,10.31,0.00,0,301.93,0.00
2026-08-17 23:04:31.158 Serial <- S: 0,10.31,17.00,50.00,0,301.90,17.00,50.00,0,10.31,17.00,50.00,0,301.93,17.00,50.00
2026-08-17 23:04:31.258 Serial <- P: 0,10.31,0.00,0,301.90,0.00,0,10.31,0.00,0,301.93,0.00
2026-08-17 23:04:31.258 Serial -> 10.30,17.00,50.00,301.92,17.00,0,50.00,10.30,17.00,50.00,301.92,17.00,0,50.00
2026-08-17 23:04:31.261 Serial <- S: 0,10.31,17.00,50.00,0,301.90,17.00,50.00,0,10.31,17.00,50.00,0,301.93,17.00,50.00
2026-08-17 23:04:31.358 Serial <- P: 0,10.31,0.00,0,301.90,0.00,0,10.31,0.00,0,301.93,0.00
2026-08-17 23:04:31.367 Serial -> 10.30,17.00,50.00,301.92,17.00,0,50.00,10.30,17.00,50.00,301.92,17.00,0,50.00
2026-08-17 23:04:31.369 Serial <- S: 0,10.31,17.00,50.00,0,301.90,17.00,50.00,0,10.31,17.00,50.00,0,301.93,17.00,50.00
2026-08-17 23:04:31.459 Serial <- P: 0,10.31,0.00,0,301.90,0.00,0,10.31,0.00,0,301.93,0.00
2026-08-17 23:04:31.476 Serial -> 10.30,17.00,50.00,301.92,17.00,0,50.00,10.30,17.00,50.00,301.92,17.00,0,50.00
2026-08-17 23:04:31.477 Serial <- S: 0,10.31,17.00,50.00,0,301.90,17.00,50.00,0,10.31,17.00,50.00,0,301.93,17.00,50.00
2026-08-17 23:04:31.561 Serial <- P: 0,10.31,0.00,0,301.90,0.00,0,10.31,0.00,0,301.93,0.00
2026-08-17 23:04:31.589 Serial -> 10.30,17.00,50.00,301.92,17.00,0,50.00,10.30,17.00,50.00,301.92,17.00,0,50.00
2026-08-17 23:04:31.590 Serial <- S: 0,10.31,17.00,50.00,0,301.90,17.00,50.00,0,10.31,17.00,50.00,0,301.93,17.00,50.00
2026-08-17 23:04:31.661 Serial <- P: 0,10.31,0.00,0,301.90,0.00,0,10.31,0.00,0,301.93,0.00
2026-08-17 23:04:31.695 Serial -> 10.30,17.00,50.00,301.92,17.00,0,50.00,10.30,17.00,50.00,301.92,17.00,0,50.00
2026-08-17 23:04:31.696 Serial <- S: 0,10.31,17.00,50.00,0,301.90,17.00,50.00,0,10.31,17.00,50.00,0,301.93,17.00,50.00
2026-08-17 23:04:31.766 Serial <- P: 0,10.31,0.00,0,301.90,0.00,0,10.31,0.00,0,301.93,0.00
2026-08-17 23:04:31.805 Serial -> 10.30,17.00,50.00,301.92,17.00,0,50.00,10.30,17.00,50.00,301.92,17.00,0,50.00
2026-08-17 23:04:31.807 Serial <- S: 0,10.31,17.00,50.00,0,301.90,17.00,50.00,0,10.31,17.00,50.00,0,301.93,17.00,50.00
2026-08-17 23:04:31.863 Serial <- P: 0,10.31,0.00,0,301.90,0.00,0,10.31,0.00,0,301.93,0.00
2026-08-17 23:04:31.922 Serial -> 0.00,17.00,50.00,0.00,17.00,0,50.00,0.00,17.00,50.00,0.00,17.00,0,50.00
2026-08-17 23:04:31.924 Serial <- S: 1,0.00,17.00,50.00,1,360.00,17.00,50.00,1,0.00,17.00,50.00,1,360.00,17.00,50.00
2026-08-17 23:04:31.964 Serial <- P: 1,10.27,-2.04,1,301.90,2.04,1,10.27,-2.06,1,301.95,2.06
2026-08-17 23:04:32.021 Serial -> 0.00,17.00,50.00,0.00,17.00,0,50.00,0.00,17.00,50.00,0.00,17.00,0,50.00
2026-08-17 23:04:32.023 Serial <- S: 1,0.00,17.00,50.00,1,360.00,17.00,50.00,1,0.00,17.00,50.00,1,360.00,17.00,50.00
2026-08-17 23:04:32.065 Serial <- P: 1,9.81,-7.08,1,302.40,7.10,1,9.80,-7.10,1,302.42,7.10
2026-08-17 23:04:32.138 Serial -> 0.00,17.00,50.00,0.00,17.00,0,50.00,0.00,17.00,50.00,0.00,17.00,0,50.00
2026-08-17 23:04:32.140 Serial <- S: 1,0.00,17.00,50.00,1,360.00,17.00,50.00,1,0.00,17.00,50.00,1,360.00,17.00,50.00
2026-08-17 23:04:32.166 Serial <- P: 1,8.84,-12.14,1,303.35,12.14,1,8.83,-12.17,1,303.39,12.17
2026-08-17 23:04:32.239 Serial -> 0.00,17.00,50.00,0.00,17.00,0,50.00,0.00,17.00,50.00,0.00,17.00,0,50.00
2026-08-17 23:04:32.241 Serial <- S: 1,0.00,17.00,50.00,1,360.00,17.00,50.00,1,0.00,17.00,50.00,1,360.00,17.00,50.00
2026-08-17 23:04:32.294 Serial <- P: 1,7.36,-17.00,1,304.83,17.00,1,7.35,-17.00,1,304.87,17.00
2026-08-17 23:04:32.353 Serial -> 0.00,17.00,50.00,0.00,17.00,0,50.00,0.00,17.00,50.00,0.00,17.00,0,50.00
2026-08-17 23:04:32.354 Serial <- S: 1,0.00,17.00,50.00,1,360.00,17.00,50.00,1,0.00,17.00,50.00,1,360.00,17.00,50.00
2026-08-17 23:04:32.368 Serial <- P: 1,5.64,-17.00,1,306.54,17.00,1,5.64,-17.00,1,306.61,17.00
2026-08-17 23:04:32.459 Serial -> 0.00,17.00,50.00,0.00,17.00,0,50.00,0.00,17.00,50.00,0.00,17.00,0,50.00
2026-08-17 23:04:32.461 Serial <- S: 1,0.00,17.00,50.00,1,360.00,17.00,50.00,1,0.00,17.00,50.00,1,360.00,17.00,50.00
2026-08-17 23:04:32.469 Serial <- P: 1,3.91,-17.00,1,308.30,17.00,1,3.91,-17.00,1,308.32,17.00
2026-08-17 23:04:32.570 Serial -> 0.00,17.00,50.00,0.00,17.00,0,50.00,0.00,17.00,50.00,0.00,17.00,0,50.00
2026-08-17 23:04:32.571 Serial <- P: 1,2.25,-15.02,1,310.00,17.00,1,2.24,-15.00,1,310.03,17.00
2026-08-17 23:04:32.572 Serial <- S: 1,0.00,17.00,50.00,1,360.00,17.00,50.00,1,0.00,17.00,50.00,1,360.00,17.00,50.00
2026-08-17 23:04:32.672 Serial <- P: 1,0.98,-9.96,1,311.71,17.00,1,0.98,-9.94,1,311.76,17.00
2026-08-17 23:04:32.691 Serial -> 0.00,17.00,50.00,0.00,17.00,0,50.00,0.00,17.00,50.00,0.00,17.00,0,50.00
2026-08-17 23:04:32.692 Serial <- S: 1,0.00,17.00,50.00,1,360.00,17.00,50.00,1,0.00,17.00,50.00,1,360.00,17.00,50.00
2026-08-17 23:04:32.772 Serial <- P: 1,0.24,-4.92,1,313.43,17.00,1,0.23,-4.90,1,313.47,17.00
2026-08-17 23:04:32.790 Serial -> 0.00,17.00,50.00,0.00,17.00,0,50.00,0.00,17.00,50.00,0.00,17.00,0,50.00
2026-08-17 23:04:32.792 Serial <- S: 1,0.00,17.00,50.00,1,360.00,17.00,50.00,1,0.00,17.00,50.00,1,360.00,17.00,50.00
2026-08-17 23:04:32.873 Serial <- P: 0,0.00,0.00,1,315.13,17.00,0,0.00,0.00,1,315.18,17.00
2026-08-17 23:04:32.906 Serial -> 0.00,17.00,50.00,0.00,17.00,0,50.00,0.00,17.00,50.00,0.00,17.00,0,50.00
2026-08-17 23:04:32.907 Serial <- S: 0,0.00,17.00,50.00,1,360.00,17.00,50.00,0,0.00,17.00,50.00,1,360.00,17.00,50.00
2026-08-17 23:04:32.976 Serial <- P: 0,0.00,0.00,1,316.85,17.00,0,0.00,0.00,1,316.89,17.00
2026-08-17 23:04:33.007 Serial -> 0.00,17.00,50.00,0.00,17.00,0,50.00,0.00,17.00,50.00,0.00,17.00,0,50.00
2026-08-17 23:04:33.009 Serial <- S: 0,0.00,17.00,50.00,1,360.00,17.00,50.00,0,0.00,17.00,50.00,1,360.00,17.00,50.00
2026-08-17 23:04:33.075 Serial <- P: 0,0.00,0.00,1,318.56,17.00,0,0.00,0.00,1,318.62,17.00
2026-08-17 23:04:33.123 Serial -> 0.00,17.00,50.00,0.00,17.00,0,50.00,0.00,17.00,50.00,0.00,17.00,0,50.00
2026-08-17 23:04:33.124 Serial <- S: 0,0.00,17.00,50.00,1,360.00,17.00,50.00,0,0.00,17.00,50.00,1,360.00,17.00,50.00
2026-08-17 23:04:33.179 Serial <- P: 0,0.00,0.00,1,320.31,17.00,0,0.00,0.00,1,320.33,17.00
2026-08-17 23:04:33.224 Serial -> 0.00,17.00,50.00,0.00,17.00,0,50.00,0.00,17.00,50.00,0.00,17.00,0,50.00
2026-08-17 23:04:33.225 Serial <- S: 0,0.00,17.00,50.00,1,360.00,17.00,50.00,0,0.00,17.00,50.00,1,360.00,17.00,50.00
2026-08-17 23:04:33.277 Serial <- P: 0,0.00,0.00,1,322.02,17.00,0,0.00,0.00,1,322.04,17.00
2026-08-17 23:04:33.339 Serial -> 0.00,17.00,50.00,0.00,17.00,0,50.00,0.00,17.00,50.00,0.00,17.00,0,50.00
2026-08-17 23:04:33.342 Serial <- S: 0,0.00,17.00,50.00,1,360.00,17.00,50.00,0,0.00,17.00,50.00,1,360.00,17.00,50.00
2026-08-17 23:04:33.378 Serial <- P: 0,0.00,0.00,1,323.73,17.00,0,0.00,0.00,1,323.77,17.00
2026-08-17 23:04:33.456 Serial -> 0.00,17.00,50.00,0.00,17.00,0,50.00,0.00,17.00,50.00,0.00,17.00,0,50.00
2026-08-17 23:04:33.458 Serial <- S: 0,0.00,17.00,50.00,1,360.00,17.00,50.00,0,0.00,17.00,50.00,1,360.00,17.00,50.00
2026-08-17 23:04:33.479 Serial <- P: 0,0.00,0.00,1,325.44,17.00,0,0.00,0.00,1,325.49,17.00
2026-08-17 23:04:33.554 Serial -> 0.00,17.00,50.00,0.00,17.00,0,50.00,0.00,17.00,50.00,0.00,17.00,0,50.00
2026-08-17 23:04:33.556 Serial <- S: 0,0.00,17.00,50.00,1,360.00,17.00,50.00,0,0.00,17.00,50.00,1,360.00,17.00,50.00
2026-08-17 23:04:33.580 Serial <- P: 0,0.00,0.00,1,327.15,17.00,0,0.00,0.00,1,327.19,17.00
2026-08-17 23:04:33.671 Serial -> 0.00,17.00,50.00,0.00,17.00,0,50.00,0.00,17.00,50.00,0.00,17.00,0,50.00
2026-08-17 23:04:33.673 Serial <- S: 0,0.00,17.00,50.00,1,360.00,17.00,50.00,0,0.00,17.00,50.00,1,360.00,17.00,50.00
2026-08-17 23:04:33.681 Serial <- P: 0,0.00,0.00,1,328.86,17.00,0,0.00,0.00,1,328.93,17.00
2026-08-17 23:04:33.772 Serial -> 0.00,17.00,50.00,0.00,17.00,0,50.00,0.00,17.00,50.00,0.00,17.00,0,50.00
2026-08-17 23:04:33.774 Serial <- S: 0,0.00,17.00,50.00,1,360.00,17.00,50.00,0,0.00,17.00,50.00,1,360.00,17.00,50.00
2026-08-17 23:04:33.783 Serial <- P: 0,0.00,0.00,1,330.57,17.00,0,0.00,0.00,1,330.64,17.00
2026-08-17 23:04:33.883 Serial <- P: 0,0.00,0.00,1,332.32,17.00,0,0.00,0.00,1,332.35,17.00
2026-08-17 23:04:33.891 Serial -> 0.00,17.00,50.00,0.00,17.00,0,50.00,0.00,17.00,50.00,0.00,17.00,0,50.00
2026-08-17 23:04:33.891 Serial <- S: 0,0.00,17.00,50.00,1,360.00,17.00,50.00,0,0.00,17.00,50.00,1,360.00,17.00,50.00
2026-08-17 23:04:33.984 Serial <- P: 0,0.00,0.00,1,334.04,17.00,0,0.00,0.00,1,334.08,17.00
2026-08-17 23:04:33.990 Serial -> 0.00,17.00,50.00,0.00,17.00,0,50.00,0.00,17.00,50.00,0.00,17.00,0,50.00
2026-08-17 23:04:33.991 Serial <- S: 0,0.00,17.00,50.00,1,360.00,17.00,50.00,0,0.00,17.00,50.00,1,360.00,17.00,50.00
2026-08-17 23:04:34.085 Serial <- P: 0,0.00,0.00,1,335.75,17.00,0,0.00,0.00,1,335.79,17.00
2026-08-17 23:04:34.107 Serial -> 0.00,17.00,50.00,0.00,17.00,0,50.00,0.00,17.00,50.00,0.00,17.00,0,50.00
2026-08-17 23:04:34.108 Serial <- S: 0,0.00,17.00,50.00,1,360.00,17.00,50.00,0,0.00,17.00,50.00,1,360.00,17.00,50.00
2026-08-17 23:04:34.186 Serial <- P: 0,0.00,0.00,1,337.45,17.00,0,0.00,0.00,1,337.50,17.00
2026-08-17 23:04:34.222 Serial -> 0.00,17.00,50.00,0.00,17.00,0,50.00,0.00,17.00,50.00,0.00,17.00,0,50.00
2026-08-17 23:04:34.223 Serial <- S: 0,0.00,17.00,50.00,1,360.00,17.00,50.00,0,0.00,17.00,50.00,1,360.00,17.00,50.00
2026-08-17 23:04:34.287 Serial <- P: 0,0.00,0.00,1,339.17,17.00,0,0.00,0.00,1,339.21,17.00
2026-08-17 23:04:34.323 Serial -> 0.00,17.00,50.00,0.00,17.00,0,50.00,0.00,17.00,50.00,0.00,17.00,0,50.00
2026-08-17 23:04:34.324 Serial <- S: 0,0.00,17.00,50.00,1,360.00,17.00,50.00,0,0.00,17.00,50.00,1,360.00,17.00,50.00
2026-08-17 23:04:34.388 Serial <- P: 0,0.00,0.00,1,340.92,17.00,0,0.00,0.00,1,340.94,17.00
2026-08-17 23:04:34.438 Serial -> 0.00,17.00,50.00,0.00,17.00,0,50.00,0.00,17.00,50.00,0.00,17.00,0,50.00
2026-08-17 23:04:34.439 Serial <- S: 0,0.00,17.00,50.00,1,360.00,17.00,50.00,0,0.00,17.00,50.00,1,360.00,17.00,50.00
2026-08-17 23:04:34.489 Serial <- P: 0,0.00,0.00,1,342.63,17.00,0,0.00,0.00,1,342.65,17.00
2026-08-17 23:04:34.538 Serial -> 0.00,17.00,50.00,0.00,17.00,0,50.00,0.00,17.00,50.00,0.00,17.00,0,50.00
2026-08-17 23:04:34.541 Serial <- S: 0,0.00,17.00,50.00,1,360.00,17.00,50.00,0,0.00,17.00,50.00,1,360.00,17.00,50.00
2026-08-17 23:04:34.590 Serial <- P: 0,0.00,0.00,1,344.34,17.00,0,0.00,0.00,1,344.38,17.00
2026-08-17 23:04:34.657 Serial -> 0.00,17.00,50.00,0.00,17.00,0,50.00,0.00,17.00,50.00,0.00,17.00,0,50.00
2026-08-17 23:04:34.659 Serial <- S: 0,0.00,17.00,50.00,1,360.00,17.00,50.00,0,0.00,17.00,50.00,1,360.00,17.00,50.00
2026-08-17 23:04:34.691 Serial <- P: 0,0.00,0.00,1,346.05,17.00,0,0.00,0.00,1,346.10,17.00
2026-08-17 23:04:34.772 Serial -> 0.00,17.00,50.00,0.00,17.00,0,50.00,0.00,17.00,50.00,0.00,17.00,0,50.00
2026-08-17 23:04:34.775 Serial <- S: 0,0.00,17.00,50.00,1,360.00,17.00,50.00,0,0.00,17.00,50.00,1,360.00,17.00,50.00
2026-08-17 23:04:34.792 Serial <- P: 0,0.00,0.00,1,347.76,17.00,0,0.00,0.00,1,347.81,17.00
2026-08-17 23:04:34.889 Serial -> 0.00,17.00,50.00,0.00,17.00,0,50.00,0.00,17.00,50.00,0.00,17.00,0,50.00
2026-08-17 23:04:34.890 Serial <- S: 0,0.00,17.00,50.00,1,360.00,17.00,50.00,0,0.00,17.00,50.00,1,360.00,17.00,50.00
2026-08-17 23:04:34.894 Serial <- P: 0,0.00,0.00,1,349.47,17.00,0,0.00,0.00,1,349.51,17.00
2026-08-17 23:04:34.988 Serial -> 0.00,17.00,50.00,0.00,17.00,0,50.00,0.00,17.00,50.00,0.00,17.00,0,50.00
2026-08-17 23:04:34.989 Serial <- S: 0,0.00,17.00,50.00,1,360.00,17.00,50.00,0,0.00,17.00,50.00,1,360.00,17.00,50.00
2026-08-17 23:04:35.000 Serial <- P: 0,0.00,0.00,1,351.18,17.00,0,0.00,0.00,1,351.25,17.00
2026-08-17 23:04:35.095 Serial <- P: 0,0.00,0.00,1,352.93,17.00,0,0.00,0.00,1,352.96,17.00
2026-08-17 23:04:35.107 Serial -> 0.00,17.00,50.00,0.00,17.00,0,50.00,0.00,17.00,50.00,0.00,17.00,0,50.00
2026-08-17 23:04:35.109 Serial <- S: 0,0.00,17.00,50.00,1,360.00,17.00,50.00,0,0.00,17.00,50.00,1,360.00,17.00,50.00
2026-08-17 23:04:35.196 Serial <- P: 0,0.00,0.00,1,354.64,17.00,0,0.00,0.00,1,354.67,17.00
2026-08-17 23:04:35.209 Serial -> 0.00,17.00,50.00,0.00,17.00,0,50.00,0.00,17.00,50.00,0.00,17.00,0,50.00
2026-08-17 23:04:35.210 Serial <- S: 0,0.00,17.00,50.00,1,360.00,17.00,50.00,0,0.00,17.00,50.00,1,360.00,17.00,50.00
2026-08-17 23:04:35.298 Serial <- P: 0,0.00,0.00,1,356.36,17.00,0,0.00,0.00,1,356.38,17.00
2026-08-17 23:04:35.323 Serial -> 0.00,17.00,50.00,0.00,17.00,0,50.00,0.00,17.00,50.00,0.00,17.00,0,50.00
2026-08-17 23:04:35.325 Serial <- S: 0,0.00,17.00,50.00,1,360.00,17.00,50.00,0,0.00,17.00,50.00,1,360.00,17.00,50.00
2026-08-17 23:04:35.398 Serial <- P: 0,0.00,0.00,1,357.98,14.27,0,0.00,0.00,1,358.02,14.12
2026-08-17 23:04:35.429 Serial -> 0.00,17.00,50.00,0.00,17.00,0,50.00,0.00,17.00,50.00,0.00,17.00,0,50.00
2026-08-17 23:04:35.431 Serial <- S: 0,0.00,17.00,50.00,1,360.00,17.00,50.00,0,0.00,17.00,50.00,1,360.00,17.00,50.00
2026-08-17 23:04:35.499 Serial <- P: 0,0.00,0.00,1,359.19,9.21,0,0.00,0.00,1,359.19,9.08
2026-08-17 23:04:35.540 Serial -> 0.00,17.00,50.00,0.00,17.00,0,50.00,0.00,17.00,50.00,0.00,17.00,0,50.00
2026-08-17 23:04:35.542 Serial <- S: 0,0.00,17.00,50.00,1,360.00,17.00,50.00,0,0.00,17.00,50.00,1,360.00,17.00,50.00
2026-08-17 23:04:35.600 Serial <- P: 0,0.00,0.00,1,359.87,4.17,0,0.00,0.00,1,359.87,4.01
2026-08-17 23:04:35.654 Serial -> 0.00,17.00,50.00,0.00,17.00,0,50.00,0.00,17.00,50.00,0.00,17.00,0,50.00
2026-08-17 23:04:35.656 Serial <- S: 0,0.00,17.00,50.00,0,360.00,17.00,50.00,0,0.00,17.00,50.00,0,360.00,17.00,50.00
2026-08-17 23:04:35.701 Serial <- P: 0,0.00,0.00,0,0.00,0.00,0,0.00,0.00,0,0.00,0.00
2026-08-17 23:04:35.755 Serial -> 0.00,17.00,50.00,0.00,17.00,0,50.00,0.00,17.00,50.00,0.00,17.00,0,50.00
2026-08-17 23:04:35.756 Serial <- S: 0,0.00,17.00,50.00,0,0.00,17.00,50.00,0,0.00,17.00,50.00,0,0.00,17.00,50.00
2026-08-17 23:04:35.802 Serial <- P: 0,0.00,0.00,0,0.00,0.00,0,0.00,0.00,0,0.00,0.00
2026-08-17 23:04:35.866 Serial -> 0.00,17.00,50.00,0.00,17.00,0,50.00,0.00,17.00,50.00,0.00,17.00,0,50.00
2026-08-17 23:04:35.867 Serial <- S: 0,0.00,17.00,50.00,0,0.00,17.00,50.00,0,0.00,17.00,50.00,0,0.00,17.00,50.00
2026-08-17 23:04:35.903 Serial <- P: 0,0.00,0.00,0,0.00,0.00,0,0.00,0.00,0,0.00,0.00
2026-08-17 23:04:35.974 Serial -> 0.00,17.00,50.00,0.00,17.00,0,50.00,0.00,17.00,50.00,0.00,17.00,0,50.00
2026-08-17 23:04:35.976 Serial <- S: 0,0.00,17.00,50.00,0,0.00,17.00,50.00,0,0.00,17.00,50.00,0,0.00,17.00,50.00
2026-08-17 23:04:36.004 Serial <- P: 0,0.00,0.00,0,0.00,0.00,0,0.00,0.00,0,0.00,0.00
2026-08-17 23:04:36.089 Serial -> 0.00,17.00,50.00,0.00,17.00,0,50.00,0.00,17.00,50.00,0.00,17.00,0,50.00
2026-08-17 23:04:36.090 Serial <- S: 0,0.00,17.00,50.00,0,0.00,17.00,50.00,0,0.00,17.00,50.00,0,0.00,17.00,50.00
2026-08-17 23:04:36.108 Serial <- P: 0,0.00,0.00,0,0.00,0.00,0,0.00,0.00,0,0.00,0.00
2026-08-17 23:04:36.206 Serial <- P: 0,0.00,0.00,0,0.00,0.00,0,0.00,0.00,0,0.00,0.00
2026-08-17 23:04:36.206 Serial -> 0.00,17.00,50.00,0.00,17.00,0,50.00,0.00,17.00,50.00,0.00,17.00,0,50.00
2026-08-17 23:04:36.208 Serial <- S: 0,0.00,17.00,50.00,0,0.00,17.00,50.00,0,0.00,17.00,50.00,0,0.00,17.00,50.00
2026-08-17 23:04:36.307 Serial <- P: 0,0.00,0.00,0,0.00,0.00,0,0.00,0.00,0,0.00,0.00
2026-08-17 23:04:36.309 Serial -> 0.00,17.00,50.00,0.00,17.00,0,50.00,0.00,17.00,50.00,0.00,17.00,0,50.00
2026-08-17 23:04:36.311 Serial <- S: 0,0.00,17.00,50.00,0,0.00,17.00,50.00,0,0.00,17.00,50.00,0,0.00,17.00,50.00
2026-08-17 23:04:36.408 Serial <- P: 0,0.00,0.00,0,0.00,0.00,0,0.00,0.00,0,0.00,0.00
2026-08-17 23:04:36.411 Serial -> 0.00,17.00,50.00,0.00,17.00,0,50.00,0.00,17.00,50.00,0.00,17.00,0,50.00
2026-08-17 23:04:36.413 Serial <- S: 0,0.00,17.00,50.00,0,0.00,17.00,50.00,0,0.00,17.00,50.00,0,0.00,17.00,50.00
2026-08-17 23:04:36.509 Serial <- P: 0,0.00,0.00,0,0.00,0.00,0,0.00,0.00,0,0.00,0.00
2026-08-17 23:04:36.525 Serial -> 0.00,17.00,50.00,0.00,17.00,0,50.00,0.00,17.00,50.00,0.00,17.00,0,50.00
2026-08-17 23:04:36.526 Serial <- S: 0,0.00,17.00,50.00,0,0.00,17.00,50.00,0,0.00,17.00,50.00,0,0.00,17.00,50.00
2026-08-17 23:04:36.610 Serial <- P: 0,0.00,0.00,0,0.00,0.00,0,0.00,0.00,0,0.00,0.00
2026-08-17 23:04:36.642 Serial -> 0.00,17.00,50.00,0.00,17.00,0,50.00,0.00,17.00,50.00,0.00,17.00,0,50.00
2026-08-17 23:04:36.644 Serial <- S: 0,0.00,17.00,50.00,0,0.00,17.00,50.00,0,0.00,17.00,50.00,0,0.00,17.00,50.00
2026-08-17 23:04:36.711 Serial <- P: 0,0.00,0.00,0,0.00,0.00,0,0.00,0.00,0,0.00,0.00
2026-08-17 23:04:36.739 Serial -> 0.00,17.00,50.00,0.00,17.00,0,50.00,0.00,17.00,50.00,0.00,17.00,0,50.00
2026-08-17 23:04:36.740 Serial <- S: 0,0.00,17.00,50.00,0,0.00,17.00,50.00,0,0.00,17.00,50.00,0,0.00,17.00,50.00
2026-08-17 23:04:36.812 Serial <- P: 0,0.00,0.00,0,0.00,0.00,0,0.00,0.00,0,0.00,0.00
2026-08-17 23:04:36.856 Serial -> 0.00,17.00,50.00,0.00,17.00,0,50.00,0.00,17.00,50.00,0.00,17.00,0,50.00
2026-08-17 23:04:36.860 Serial <- S: 0,0.00,17.00,50.00,0,0.00,17.00,50.00,0,0.00,17.00,50.00,0,0.00,17.00,50.00
2026-08-17 23:04:36.913 Serial <- P: 0,0.00,0.00,0,0.00,0.00,0,0.00,0.00,0,0.00,0.00
2026-08-17 23:04:36.967 Serial -> 0.00,17.00,50.00,0.00,17.00,0,50.00,0.00,17.00,50.00,0.00,17.00,0,50.00
2026-08-17 23:04:36.968 Serial <- S: 0,0.00,17.00,50.00,0,0.00,17.00,50.00,0,0.00,17.00,50.00,0,0.00,17.00,50.00
2026-08-17 23:04:37.014 Serial <- P: 0,0.00,0.00,0,0.00,0.00,0,0.00,0.00,0,0.00,0.00
2026-08-17 23:04:37.074 Serial -> 0.00,17.00,50.00,0.00,17.00,0,50.00,0.00,17.00,50.00,0.00,17.00,0,50.00
2026-08-17 23:04:37.075 Serial <- S: 0,0.00,17.00,50.00,0,0.00,17.00,50.00,0,0.00,17.00,50.00,0,0.00,17.00,50.00
2026-08-17 23:04:37.115 Serial <- P: 0,0.00,0.00,0,0.00,0.00,0,0.00,0.00,0,0.00,0.00
2026-08-17 23:04:37.183 Serial -> 0.00,17.00,50.00,0.00,17.00,0,50.00,0.00,17.00,50.00,0.00,17.00,0,50.00
2026-08-17 23:04:37.184 Serial <- S: 0,0.00,17.00,50.00,0,0.00,17.00,50.00,0,0.00,17.00,50.00,0,0.00,17.00,50.00
2026-08-17 23:04:37.216 Serial <- P: 0,0.00,0.00,0,0.00,0.00,0,0.00,0.00,0,0.00,0.00
2026-08-17 23:04:37.289 Serial -> 0.00,17.00,50.00,0.00,17.00,0,50.00,0.00,17.00,50.00,0.00,17.00,0,50.00
2026-08-17 23:04:37.292 Serial <- S: 0,0.00,17.00,50.00,0,0.00,17.00,50.00,0,0.00,17.00,50.00,0,0.00,17.00,50.00
2026-08-17 23:04:37.317 Serial <- P: 0,0.00,0.00,0,0.00,0.00,0,0.00,0.00,0,0.00,0.00
2026-08-17 23:04:37.406 Serial -> 0.00,17.00,50.00,0.00,17.00,0,50.00,0.00,17.00,50.00,0.00,17.00,0,50.00
2026-08-17 23:04:37.407 Serial <- S: 0,0.00,17.00,50.00,0,0.00,17.00,50.00,0,0.00,17.00,50.00,0,0.00,17.00,50.00
2026-08-17 23:04:37.418 Serial <- P: 0,0.00,0.00,0,0.00,0.00,0,0.00,0.00,0,0.00,0.00
2026-08-17 23:04:37.508 Serial -> 0.00,17.00,50.00,0.00,17.00,0,50.00,0.00,17.00,50.00,0.00,17.00,0,50.00
2026-08-17 23:04:37.509 Serial <- S: 0,0.00,17.00,50.00,0,0.00,17.00,50.00,0,0.00,17.00,50.00,0,0.00,17.00,50.00
2026-08-17 23:04:37.519 Serial <- P: 0,0.00,0.00,0,0.00,0.00,0,0.00,0.00,0,0.00,0.00
2026-08-17 23:04:37.620 Serial <- P: 0,0.00,0.00,0,0.00,0.00,0,0.00,0.00,0,0.00,0.00
2026-08-17 23:04:37.626 Serial -> 0.00,17.00,50.00,0.00,17.00,0,50.00,0.00,17.00,50.00,0.00,17.00,0,50.00
2026-08-17 23:04:37.627 Serial <- S: 0,0.00,17.00,50.00,0,0.00,17.00,50.00,0,0.00,17.00,50.00,0,0.00,17.00,50.00
2026-08-17 23:04:37.721 Serial <- P: 0,0.00,0.00,0,0.00,0.00,0,0.00,0.00,0,0.00,0.00
2026-08-17 23:04:37.741 Serial -> 0.00,17.00,50.00,0.00,17.00,0,50.00,0.00,17.00,50.00,0.00,17.00,0,50.00
2026-08-17 23:04:37.743 Serial <- S: 0,0.00,17.00,50.00,0,0.00,17.00,50.00,0,0.00,17.00,50.00,0,0.00,17.00,50.00
2026-08-17 23:04:37.822 Serial <- P: 0,0.00,0.00,0,0.00,0.00,0,0.00,0.00,0,0.00,0.00
2026-08-17 23:04:37.856 Serial -> 0.00,17.00,50.00,0.00,17.00,0,50.00,0.00,17.00,50.00,0.00,17.00,0,50.00
2026-08-17 23:04:37.858 Serial <- S: 0,0.00,17.00,50.00,0,0.00,17.00,50.00,0,0.00,17.00,50.00,0,0.00,17.00,50.00
2026-08-17 23:04:37.923 Serial <- P: 0,0.00,0.00,0,0.00,0.00,0,0.00,0.00,0,0.00,0.00
2026-08-17 23:04:37.958 Serial -> 0.00,17.00,50.00,0.00,17.00,0,50.00,0.00,17.00,50.00,0.00,17.00,0,50.00
2026-08-17 23:04:37.959 Serial <- S: 0,0.00,17.00,50.00,0,0.00,17.00,50.00,0,0.00,17.00,50.00,0,0.00,17.00,50.00
2026-08-17 23:04:38.024 Serial <- P: 0,0.00,0.00,0,0.00,0.00,0,0.00,0.00,0,0.00,0.00
2026-08-17 23:04:38.070 Serial -> 0.00,17.00,50.00,0.00,17.00,0,50.00,0.00,17.00,50.00,0.00,17.00,0,50.00
2026-08-17 23:04:38.071 Serial <- S: 0,0.00,17.00,50.00,0,0.00,17.00,50.00,0,0.00,17.00,50.00,0,0.00,17.00,50.00
2026-08-17 23:04:38.125 Serial <- P: 0,0.00,0.00,0,0.00,0.00,0,0.00,0.00,0,0.00,0.00
2026-08-17 23:04:38.189 Serial -> 0.00,17.00,50.00,0.00,17.00,0,50.00,0.00,17.00,50.00,0.00,17.00,0,50.00
2026-08-17 23:04:38.191 Serial <- S: 0,0.00,17.00,50.00,0,0.00,17.00,50.00,0,0.00,17.00,50.00,0,0.00,17.00,50.00
2026-08-17 23:04:38.226 Serial <- P: 0,0.00,0.00,0,0.00,0.00,0,0.00,0.00,0,0.00,0.00
2026-08-17 23:04:38.289 Serial -> 0.00,17.00,50.00,0.00,17.00,0,50.00,0.00,17.00,50.00,0.00,17.00,0,50.00
2026-08-17 23:04:38.291 Serial <- S: 0,0.00,17.00,50.00,0,0.00,17.00,50.00,0,0.00,17.00,50.00,0,0.00,17.00,50.00
2026-08-17 23:04:38.327 Serial <- P: 0,0.00,0.00,0,0.00,0.00,0,0.00,0.00,0,0.00,0.00
2026-08-17 23:04:38.406 Serial -> 0.00,17.00,50.00,0.00,17.00,0,50.00,0.00,17.00,50.00,0.00,17.00,0,50.00
2026-08-17 23:04:38.407 Serial <- S: 0,0.00,17.00,50.00,0,0.00,17.00,50.00,0,0.00,17.00,50.00,0,0.00,17.00,50.00
2026-08-17 23:04:38.428 Serial <- P: 0,0.00,0.00,0,0.00,0.00,0,0.00,0.00,0,0.00,0.00
2026-08-17 23:04:38.504 Serial -> 0.00,17.00,50.00,0.00,17.00,0,50.00,0.00,17.00,50.00,0.00,17.00,0,50.00
2026-08-17 23:04:38.505 Serial <- S: 0,0.00,17.00,50.00,0,0.00,17.00,50.00,0,0.00,17.00,50.00,0,0.00,17.00,50.00
2026-08-17 23:04:38.529 Serial <- P: 0,0.00,0.00,0,0.00,0.00,0,0.00,0.00,0,0.00,0.00
2026-08-17 23:04:38.623 Serial -> 0.00,17.00,50.00,0.00,17.00,0,50.00,0.00,17.00,50.00,0.00,17.00,0,50.00
2026-08-17 23:04:38.624 Serial <- S: 0,0.00,17.00,50.00,0,0.00,17.00,50.00,0,0.00,17.00,50.00,0,0.00,17.00,50.00
2026-08-17 23:04:38.630 Serial <- P: 0,0.00,0.00,0,0.00,0.00,0,0.00,0.00,0,0.00,0.00
2026-08-17 23:04:38.724 Serial -> 0.00,17.00,50.00,0.00,17.00,0,50.00,0.00,17.00,50.00,0.00,17.00,0,50.00
2026-08-17 23:04:38.726 Serial <- S: 0,0.00,17.00,50.00,0,0.00,17.00,50.00,0,0.00,17.00,50.00,0,0.00,17.00,50.00
2026-08-17 23:04:38.736 Serial <- P: 0,0.00,0.00,0,0.00,0.00,0,0.00,0.00,0,0.00,0.00
2026-08-17 23:04:38.832 Serial <- P: 0,0.00,0.00,0,0.00,0.00,0,0.00,0.00,0,0.00,0.00
2026-08-17 23:04:38.838 Serial -> 0.00,17.00,50.00,0.00,17.00,0,50.00,0.00,17.00,50.00,0.00,17.00,0,50.00
2026-08-17 23:04:38.839 Serial <- S: 0,0.00,17.00,50.00,0,0.00,17.00,50.00,0,0.00,17.00,50.00,0,0.00,17.00,50.00
2026-08-17 23:04:38.933 Serial <- P: 0,0.00,0.00,0,0.00,0.00,0,0.00,0.00,0,0.00,0.00
2026-08-17 23:04:38.946 Serial -> 0.00,17.00,50.00,0.00,17.00,0,50.00,0.00,17.00,50.00,0.00,17.00,0,50.00
2026-08-17 23:04:38.947 Serial <- S: 0,0.00,17.00,50.00,0,0.00,17.00,50.00,0,0.00,17.00,50.00,0,0.00,17.00,50.00
2026-08-17 23:04:39.034 Serial <- P: 0,0.00,0.00,0,0.00,0.00,0,0.00,0.00,0,0.00,0.00
2026-08-17 23:04:39.056 Serial -> 0.00,17.00,50.00,0.00,17.00,0,50.00,0.00,17.00,50.00,0.00,17.00,0,50.00
2026-08-17 23:04:39.057 Serial <- S: 0,0.00,17.00,50.00,0,0.00,17.00,50.00,0,0.00,17.00,50.00,0,0.00,17.00,50.00
2026-08-17 23:04:39.135 Serial <- P: 0,0.00,0.00,0,0.00,0.00,0,0.00,0.00,0,0.00,0.00
2026-08-17 23:04:39.169 Serial -> 0.00,17.00,50.00,0.00,17.00,0,50.00,0.00,17.00,50.00,0.00,17.00,0,50.00
2026-08-17 23:04:39.171 Serial <- S: 0,0.00,17.00,50.00,0,0.00,17.00,50.00,0,0.00,17.00,50.00,0,0.00,17.00,50.00
2026-08-17 23:04:39.236 Serial <- P: 0,0.00,0.00,0,0.00,0.00,0,0.00,0.00,0,0.00,0.00
2026-08-17 23:04:39.273 Serial -> 0.00,17.00,50.00,0.00,17.00,0,50.00,0.00,17.00,50.00,0.00,17.00,0,50.00
2026-08-17 23:04:39.275 Serial <- S: 0,0.00,17.00,50.00,0,0.00,17.00,50.00,0,0.00,17.00,50.00,0,0.00,17.00,50.00
2026-08-17 23:04:39.337 Serial <- P: 0,0.00,0.00,0,0.00,0.00,0,0.00,0.00,0,0.00,0.00
2026-08-17 23:04:39.394 Serial -> 0.00,17.00,50.00,0.00,17.00,0,50.00,0.00,17.00,50.00,0.00,17.00,0,50.00
2026-08-17 23:04:39.396 Serial <- S: 0,0.00,17.00,50.00,0,0.00,17.00,50.00,0,0.00,17.00,50.00,0,0.00,17.00,50.00
2026-08-17 23:04:39.439 Serial <- P: 0,0.00,0.00,0,0.00,0.00,0,0.00,0.00,0,0.00,0.00
2026-08-17 23:04:39.491 Serial -> 0.00,17.00,50.00,0.00,17.00,0,50.00,0.00,17.00,50.00,0.00,17.00,0,50.00
2026-08-17 23:04:39.493 Serial <- S: 0,0.00,17.00,50.00,0,0.00,17.00,50.00,0,0.00,17.00,50.00,0,0.00,17.00,50.00
2026-08-17 23:04:39.540 Serial <- P: 0,0.00,0.00,0,0.00,0.00,0,0.00,0.00,0,0.00,0.00
2026-08-17 23:04:39.599 Serial -> 0.00,17.00,50.00,0.00,17.00,0,50.00,0.00,17.00,50.00,0.00,17.00,0,50.00
2026-08-17 23:04:39.600 Serial <- S: 0,0.00,17.00,50.00,0,0.00,17.00,50.00,0,0.00,17.00,50.00,0,0.00,17.00,50.00
2026-08-17 23:04:39.640 Serial <- P: 0,0.00,0.00,0,0.00,0.00,0,0.00,0.00,0,0.00,0.00
2026-08-17 23:04:39.721 Serial -> 0.00,17.00,50.00,0.00,17.00,0,50.00,0.00,17.00,50.00,0.00,17.00,0,50.00
2026-08-17 23:04:39.722 Serial <- S: 0,0.00,17.00,50.00,0,0.00,17.00,50.00,0,0.00,17.00,50.00,0,0.00,17.00,50.00
2026-08-17 23:04:39.741 Serial <- P: 0,0.00,0.00,0,0.00,0.00,0,0.00,0.00,0,0.00,0.00
2026-08-17 23:04:39.821 Serial -> 0.00,17.00,50.00,0.00,17.00,0,50.00,0.00,17.00,50.00,0.00,17.00,0,50.00
2026-08-17 23:04:39.822 Serial <- S: 0,0.00,17.00,50.00,0,0.00,17.00,50.00,0,0.00,17.00,50.00,0,0.00,17.00,50.00
2026-08-17 23:04:39.842 Serial <- P: 0,0.00,0.00,0,0.00,0.00,0,0.00,0.00,0,0.00,0.00
2026-08-17 23:04:39.939 Serial -> 0.00,17.00,50.00,0.00,17.00,0,50.00,0.00,17.00,50.00,0.00,17.00,0,50.00
2026-08-17 23:04:39.940 Serial <- S: 0,0.00,17.00,50.00,0,0.00,17.00,50.00,0,0.00,17.00,50.00,0,0.00,17.00,50.00
2026-08-17 23:04:39.945 Serial <- P: 0,0.00,0.00,0,0.00,0.00,0,0.00,0.00,0,0.00,0.00
2026-08-17 23:04:40.044 Serial <- P: 0,0.00,0.00,0,0.00,0.00,0,0.00,0.00,0,0.00,0.00
2026-08-17 23:04:40.049 Serial -> 0.00,17.00,50.00,0.00,17.00,0,50.00,0.00,17.00,50.00,0.00,17.00,0,50.00
2026-08-17 23:04:40.049 Serial <- S: 0,0.00,17.00,50.00,0,0.00,17.00,50.00,0,0.00,17.00,50.00,0,0.00,17.00,50.00
2026-08-17 23:04:40.145 Serial <- P: 0,0.00,0.00,0,0.00,0.00,0,0.00,0.00,0,0.00,0.00
2026-08-17 23:04:40.156 Serial -> 0.00,17.00,50.00,0.00,17.00,0,50.00,0.00,17.00,50.00,0.00,17.00,0,50.00
2026-08-17 23:04:40.157 Serial <- S: 0,0.00,17.00,50.00,0,0.00,17.00,50.00,0,0.00,17.00,50.00,0,0.00,17.00,50.00
2026-08-17 23:04:40.246 Serial <- P: 0,0.00,0.00,0,0.00,0.00,0,0.00,0.00,0,0.00,0.00
2026-08-17 23:04:40.259 Serial -> 0.00,17.00,50.00,0.00,17.00,0,50.00,0.00,17.00,50.00,0.00,17.00,0,50.00
2026-08-17 23:04:40.260 Serial <- S: 0,0.00,17.00,50.00,0,0.00,17.00,50.00,0,0.00,17.00,50.00,0,0.00,17.00,50.00
2026-08-17 23:04:40.347 Serial <- P: 0,0.00,0.00,0,0.00,0.00,0,0.00,0.00,0,0.00,0.00
2026-08-17 23:04:40.372 Serial -> 0.00,17.00,50.00,0.00,17.00,0,50.00,0.00,17.00,50.00,0.00,17.00,0,50.00
2026-08-17 23:04:40.374 Serial <- S: 0,0.00,17.00,50.00,0,0.00,17.00,50.00,0,0.00,17.00,50.00,0,0.00,17.00,50.00
2026-08-17 23:04:40.449 Serial <- P: 0,0.00,0.00,0,0.00,0.00,0,0.00,0.00,0,0.00,0.00
2026-08-17 23:04:40.477 Serial -> 0.00,17.00,50.00,0.00,17.00,0,50.00,0.00,17.00,50.00,0.00,17.00,0,50.00
2026-08-17 23:04:40.479 Serial <- S: 0,0.00,17.00,50.00,0,0.00,17.00,50.00,0,0.00,17.00,50.00,0,0.00,17.00,50.00
2026-08-17 23:04:40.549 Serial <- P: 0,0.00,0.00,0,0.00,0.00,0,0.00,0.00,0,0.00,0.00
2026-08-17 23:04:40.595 Serial -> 0.00,17.00,50.00,0.00,17.00,0,50.00,0.00,17.00,50.00,0.00,17.00,0,50.00
2026-08-17 23:04:40.596 Serial <- S: 0,0.00,17.00,50.00,0,0.00,17.00,50.00,0,0.00,17.00,50.00,0,0.00,17.00,50.00
2026-08-17 23:04:40.650 Serial <- P: 0,0.00,0.00,0,0.00,0.00,0,0.00,0.00,0,0.00,0.00
2026-08-17 23:04:40.694 Serial -> 0.00,17.00,50.00,0.00,17.00,0,50.00,0.00,17.00,50.00,0.00,17.00,0,50.00
2026-08-17 23:04:40.695 Serial <- S: 0,0.00,17.00,50.00,0,0.00,17.00,50.00,0,0.00,17.00,50.00,0,0.00,17.00,50.00
2026-08-17 23:04:40.752 Serial <- P: 0,0.00,0.00,0,0.00,0.00,0,0.00,0.00,0,0.00,0.00
2026-08-17 23:04:40.814 Serial -> 0.00,17.00,50.00,0.00,17.00,0,50.00,0.00,17.00,50.00,0.00,17.00,0,50.00
2026-08-17 23:04:40.817 Serial <- S: 0,0.00,17.00,50.00,0,0.00,17.00,50.00,0,0.00,17.00,50.00,0,0.00,17.00,50.00
2026-08-17 23:04:40.852 Serial <- P: 0,0.00,0.00,0,0.00,0.00,0,0.00,0.00,0,0.00,0.00
2026-08-17 23:04:40.912 Serial -> 0.00,17.00,50.00,0.00,17.00,0,50.00,0.00,17.00,50.00,0.00,17.00,0,50.00
2026-08-17 23:04:40.914 Serial <- S: 0,0.00,17.00,50.00,0,0.00,17.00,50.00,0,0.00,17.00,50.00,0,0.00,17.00,50.00
2026-08-17 23:04:40.953 Serial <- P: 0,0.00,0.00,0,0.00,0.00,0,0.00,0.00,0,0.00,0.00
2026-08-17 23:04:41.023 Serial -> 0.00,17.00,50.00,0.00,17.00,0,50.00,0.00,17.00,50.00,0.00,17.00,0,50.00
2026-08-17 23:04:41.025 Serial <- S: 0,0.00,17.00,50.00,0,0.00,17.00,50.00,0,0.00,17.00,50.00,0,0.00,17.00,50.00
2026-08-17 23:04:41.054 Serial <- P: 0,0.00,0.00,0,0.00,0.00,0,0.00,0.00,0,0.00,0.00
2026-08-17 23:04:41.142 Serial -> 0.00,17.00,50.00,0.00,17.00,0,50.00,0.00,17.00,50.00,0.00,17.00,0,50.00
2026-08-17 23:04:41.143 Serial <- S: 0,0.00,17.00,50.00,0,0.00,17.00,50.00,0,0.00,17.00,50.00,0,0.00,17.00,50.00
2026-08-17 23:04:41.155 Serial <- P: 0,0.00,0.00,0,0.00,0.00,0,0.00,0.00,0,0.00,0.00
2026-08-17 23:04:41.247 Serial -> 0.00,17.00,50.00,0.00,17.00,0,50.00,0.00,17.00,50.00,0.00,17.00,0,50.00
2026-08-17 23:04:41.249 Serial <- S: 0,0.00,17.00,50.00,0,0.00,17.00,50.00,0,0.00,17.00,50.00,0,0.00,17.00,50.00
2026-08-17 23:04:41.256 Serial <- P: 0,0.00,0.00,0,0.00,0.00,0,0.00,0.00,0,0.00,0.00
2026-08-17 23:04:41.357 Serial -> 0.00,17.00,50.00,0.00,17.00,0,50.00,0.00,17.00,50.00,0.00,17.00,0,50.00
2026-08-17 23:04:41.357 Serial <- P: 0,0.00,0.00,0,0.00,0.00,0,0.00,0.00,0,0.00,0.00
2026-08-17 23:04:41.359 Serial <- S: 0,0.00,17.00,50.00,0,0.00,17.00,50.00,0,0.00,17.00,50.00,0,0.00,17.00,50.00
2026-08-17 23:04:41.458 Serial <- P: 0,0.00,0.00,0,0.00,0.00,0,0.00,0.00,0,0.00,0.00
2026-08-17 23:04:41.460 Serial -> 0.00,17.00,50.00,0.00,17.00,0,50.00,0.00,17.00,50.00,0.00,17.00,0,50.00
2026-08-17 23:04:41.461 Serial <- S: 0,0.00,17.00,50.00,0,0.00,17.00,50.00,0,0.00,17.00,50.00,0,0.00,17.00,50.00
2026-08-17 23:04:41.559 Serial <- P: 0,0.00,0.00,0,0.00,0.00,0,0.00,0.00,0,0.00,0.00
2026-08-17 23:04:41.580 Serial -> 0.00,17.00,50.00,0.00,17.00,0,50.00,0.00,17.00,50.00,0.00,17.00,0,50.00
2026-08-17 23:04:41.583 Serial <- S: 0,0.00,17.00,50.00,0,0.00,17.00,50.00,0,0.00,17.00,50.00,0,0.00,17.00,50.00
2026-08-17 23:04:41.660 Serial <- P: 0,0.00,0.00,0,0.00,0.00,0,0.00,0.00,0,0.00,0.00
2026-08-17 23:04:41.679 Serial -> 0.00,17.00,50.00,0.00,17.00,0,50.00,0.00,17.00,50.00,0.00,17.00,0,50.00
2026-08-17 23:04:41.680 Serial <- S: 0,0.00,17.00,50.00,0,0.00,17.00,50.00,0,0.00,17.00,50.00,0,0.00,17.00,50.00
2026-08-17 23:04:41.761 Serial <- P: 0,0.00,0.00,0,0.00,0.00,0,0.00,0.00,0,0.00,0.00
2026-08-17 23:04:41.791 Serial -> 0.00,17.00,50.00,0.00,17.00,0,50.00,0.00,17.00,50.00,0.00,17.00,0,50.00
2026-08-17 23:04:41.792 Serial <- S: 0,0.00,17.00,50.00,0,0.00,17.00,50.00,0,0.00,17.00,50.00,0,0.00,17.00,50.00
2026-08-17 23:04:41.862 Serial <- P: 0,0.00,0.00,0,0.00,0.00,0,0.00,0.00,0,0.00,0.00
2026-08-17 23:04:41.896 Serial -> 0.00,17.00,50.00,0.00,17.00,0,50.00,0.00,17.00,50.00,0.00,17.00,0,50.00
2026-08-17 23:04:41.897 Serial <- S: 0,0.00,17.00,50.00,0,0.00,17.00,50.00,0,0.00,17.00,50.00,0,0.00,17.00,50.00
2026-08-17 23:04:41.965 Serial <- P: 0,0.00,0.00,0,0.00,0.00,0,0.00,0.00,0,0.00,0.00
2026-08-17 23:04:42.013 Serial -> 0.00,17.00,50.00,0.00,17.00,0,50.00,0.00,17.00,50.00,0.00,17.00,0,50.00
2026-08-17 23:04:42.015 Serial <- S: 0,0.00,17.00,50.00,0,0.00,17.00,50.00,0,0.00,17.00,50.00,0,0.00,17.00,50.00
2026-08-17 23:04:42.064 Serial <- P: 0,0.00,0.00,0,0.00,0.00,0,0.00,0.00,0,0.00,0.00
2026-08-17 23:04:42.115 Serial -> 0.00,17.00,50.00,0.00,17.00,0,50.00,0.00,17.00,50.00,0.00,17.00,0,50.00
2026-08-17 23:04:42.116 Serial <- S: 0,0.00,17.00,50.00,0,0.00,17.00,50.00,0,0.00,17.00,50.00,0,0.00,17.00,50.00
2026-08-17 23:04:42.165 Serial <- P: 0,0.00,0.00,0,0.00,0.00,0,0.00,0.00,0,0.00,0.00
2026-08-17 23:04:42.266 Serial <- P: 0,0.00,0.00,0,0.00,0.00,0,0.00,0.00,0,0.00,0.00
2026-08-17 23:04:42.327 Serial -> 0.00,17.00,50.00,0.00,17.00,0,50.00,0.00,17.00,50.00,0.00,17.00,0,50.00
2026-08-17 23:04:42.328 Serial <- S: 0,0.00,17.00,50.00,0,0.00,17.00,50.00,0,0.00,17.00,50.00,0,0.00,17.00,50.00
2026-08-17 23:04:42.342 Serial -> 0.00,17.00,50.00,0.00,17.00,0,50.00,0.00,17.00,50.00,0.00,17.00,0,50.00
2026-08-17 23:04:42.343 Serial <- S: 0,0.00,17.00,50.00,0,0.00,17.00,50.00,0,0.00,17.00,50.00,0,0.00,17.00,50.00
2026-08-17 23:04:42.367 Serial <- P: 0,0.00,0.00,0,0.00,0.00,0,0.00,0.00,0,0.00,0.00
2026-08-17 23:04:42.447 Serial -> 0.00,17.00,50.00,0.00,17.00,0,50.00,0.00,17.00,50.00,0.00,17.00,0,50.00
2026-08-17 23:04:42.451 Serial <- S: 0,0.00,17.00,50.00,0,0.00,17.00,50.00,0,0.00,17.00,50.00,0,0.00,17.00,50.00
2026-08-17 23:04:42.470 Serial <- P: 0,0.00,0.00,0,0.00,0.00,0,0.00,0.00,0,0.00,0.00
2026-08-17 23:04:42.564 Serial -> 0.00,17.00,50.00,0.00,17.00,0,50.00,0.00,17.00,50.00,0.00,17.00,0,50.00
2026-08-17 23:04:42.566 Serial <- S: 0,0.00,17.00,50.00,0,0.00,17.00,50.00,0,0.00,17.00,50.00,0,0.00,17.00,50.00
2026-08-17 23:04:42.569 Serial <- P: 0,0.00,0.00,0,0.00,0.00,0,0.00,0.00,0,0.00,0.00
2026-08-17 23:04:42.663 Serial -> 0.00,17.00,50.00,0.00,17.00,0,50.00,0.00,17.00,50.00,0.00,17.00,0,50.00
2026-08-17 23:04:42.664 Serial <- S: 0,0.00,17.00,50.00,0,0.00,17.00,50.00,0,0.00,17.00,50.00,0,0.00,17.00,50.00
2026-08-17 23:04:42.671 Serial <- P: 0,0.00,0.00,0,0.00,0.00,0,0.00,0.00,0,0.00,0.00
2026-08-17 23:04:42.771 Serial <- P: 0,0.00,0.00,0,0.00,0.00,0,0.00,0.00,0,0.00,0.00
2026-08-17 23:04:42.780 Serial -> 0.00,17.00,50.00,0.00,17.00,0,50.00,0.00,17.00,50.00,0.00,17.00,0,50.00
2026-08-17 23:04:42.782 Serial <- S: 0,0.00,17.00,50.00,0,0.00,17.00,50.00,0,0.00,17.00,50.00,0,0.00,17.00,50.00
2026-08-17 23:04:42.872 Serial <- P: 0,0.00,0.00,0,0.00,0.00,0,0.00,0.00,0,0.00,0.00
2026-08-17 23:04:42.883 Serial -> 0.00,17.00,50.00,0.00,17.00,0,50.00,0.00,17.00,50.00,0.00,17.00,0,50.00
2026-08-17 23:04:42.884 Serial <- S: 0,0.00,17.00,50.00,0,0.00,17.00,50.00,0,0.00,17.00,50.00,0,0.00,17.00,50.00
2026-08-17 23:04:42.973 Serial <- P: 0,0.00,0.00,0,0.00,0.00,0,0.00,0.00,0,0.00,0.00
2026-08-17 23:04:42.996 Serial -> 0.00,17.00,50.00,0.00,17.00,0,50.00,0.00,17.00,50.00,0.00,17.00,0,50.00
2026-08-17 23:04:42.998 Serial <- S: 0,0.00,17.00,50.00,0,0.00,17.00,50.00,0,0.00,17.00,50.00,0,0.00,17.00,50.00
2026-08-17 23:04:43.074 Serial <- P: 0,0.00,0.00,0,0.00,0.00,0,0.00,0.00,0,0.00,0.00
2026-08-17 23:04:43.113 Serial -> 0.00,17.00,50.00,0.00,17.00,0,50.00,0.00,17.00,50.00,0.00,17.00,0,50.00
2026-08-17 23:04:43.114 Serial <- S: 0,0.00,17.00,50.00,0,0.00,17.00,50.00,0,0.00,17.00,50.00,0,0.00,17.00,50.00
2026-08-17 23:04:43.175 Serial <- P: 0,0.00,0.00,0,0.00,0.00,0,0.00,0.00,0,0.00,0.00
2026-08-17 23:04:43.214 Serial -> 0.00,17.00,50.00,0.00,17.00,0,50.00,0.00,17.00,50.00,0.00,17.00,0,50.00
2026-08-17 23:04:43.216 Serial <- S: 0,0.00,17.00,50.00,0,0.00,17.00,50.00,0,0.00,17.00,50.00,0,0.00,17.00,50.00
2026-08-17 23:04:43.276 Serial <- P: 0,0.00,0.00,0,0.00,0.00,0,0.00,0.00,0,0.00,0.00
2026-08-17 23:04:43.360 Serial -> 0.00,17.00,50.00,0.00,17.00,0,50.00,0.00,17.00,50.00,0.00,17.00,0,50.00
2026-08-17 23:04:43.361 Serial <- S: 0,0.00,17.00,50.00,0,0.00,17.00,50.00,0,0.00,17.00,50.00,0,0.00,17.00,50.00
